Newark Firehouse,"11:51 PM EDT on April 11, 2016",co,0.19,ppm,cloudy,57.9,70,9.3,-9999.0,1014.8,-999,16.1
Newark Firehouse,"9:51 PM EDT on April 11, 2016",co,0.32,ppm,mostlycloudy,57.9,62,13.0,-9999.0,1016.1,-999,16.1
Newark Firehouse,"8:51 PM EDT on April 11, 2016",co,0.32,ppm,mostlycloudy,61.0,56,13.0,-9999.0,1016.2,-999,16.1
Newark Firehouse,"7:51 PM EDT on April 11, 2016",co,0.53,ppm,mostlycloudy,63.0,46,18.5,31.5,1016.4,-999,16.1
Newark Firehouse,"6:51 PM EDT on April 11, 2016",co,0.69,ppm,rain,60.1,64,0.0,-9999.0,1016.3,-999,16.1
Newark Firehouse,"5:51 PM EDT on April 11, 2016",co,0.31,ppm,mostlycloudy,62.1,50,11.1,-9999.0,1015.9,-999,16.1
Newark Firehouse,"4:51 PM EDT on April 11, 2016",co,0.33,ppm,mostlycloudy,64.9,43,11.1,-9999.0,1016.2,-999,16.1
Newark Firehouse,"3:51 PM EDT on April 11, 2016",co,0.24,ppm,partlycloudy,66.9,32,20.4,35.2,1016.9,-999,16.1
Newark Firehouse,"2:51 PM EDT on April 11, 2016",co,0.22,ppm,partlycloudy,66.0,34,27.8,37.0,1018.0,-999,16.1
Newark Firehouse,"1:51 PM EDT on April 11, 2016",co,0.21,ppm,partlycloudy,64.0,35,22.2,42.6,1019.2,-999,16.1
Newark Firehouse,"12:51 PM EDT on April 11, 2016",co,0.2,ppm,mostlycloudy,62.1,37,33.3,42.6,1020.0,-999,16.1
Newark Firehouse,"10:51 AM EDT on April 11, 2016",co,0.22,ppm,cloudy,52.0,57,18.5,-9999.0,1022.1,-999,16.1
Newark Firehouse,"9:51 AM EDT on April 11, 2016",co,0.24,ppm,cloudy,50.0,61,18.5,-9999.0,1022.8,-999,16.1
Newark Firehouse,"8:51 AM EDT on April 11, 2016",co,0.24,ppm,cloudy,48.0,68,16.7,-9999.0,1023.2,-999,16.1
Newark Firehouse,"7:51 AM EDT on April 11, 2016",co,0.26,ppm,rain,46.9,68,13.0,-9999.0,1023.7,-999,16.1
Newark Firehouse,"6:51 AM EDT on April 11, 2016",co,0.27,ppm,rain,46.0,68,14.8,-9999.0,1024.2,41.4,16.1
Newark Firehouse,"3:51 AM EDT on April 11, 2016",co,0.17,ppm,cloudy,44.1,65,20.4,-9999.0,1024.6,37.7,16.1
Newark Firehouse,"2:51 AM EDT on April 11, 2016",co,0.16,ppm,cloudy,43.0,62,18.5,29.6,1025.3,36.8,16.1
Newark Firehouse,"1:51 AM EDT on April 11, 2016",co,0.17,ppm,cloudy,43.0,65,16.7,-9999.0,1025.8,37.2,16.1
Newark Firehouse,"12:51 AM EDT on April 11, 2016",co,0.17,ppm,cloudy,43.0,62,14.8,31.5,1026.6,37.7,16.1
Newark Firehouse,"11:51 PM EDT on April 10, 2016",co,0.17,ppm,cloudy,43.0,53,16.7,-9999.0,1026.5,37.2,16.1
Newark Firehouse,"10:51 PM EDT on April 10, 2016",co,0.19,ppm,cloudy,46.0,40,18.5,29.6,1026.1,40.6,16.1
Newark Firehouse,"9:51 PM EDT on April 10, 2016",co,0.21,ppm,cloudy,46.9,32,20.4,-9999.0,1026.0,-999,16.1
Newark Firehouse,"8:51 PM EDT on April 10, 2016",co,0.22,ppm,mostlycloudy,46.9,30,14.8,-9999.0,1025.6,-999,16.1
Newark Firehouse,"7:51 PM EDT on April 10, 2016",co,0.25,ppm,mostlycloudy,46.9,28,22.2,29.6,1025.0,-999,16.1
Newark Firehouse,"6:51 PM EDT on April 10, 2016",co,0.2,ppm,mostlycloudy,48.0,24,18.5,-9999.0,1025.0,-999,16.1
Newark Firehouse,"5:51 PM EDT on April 10, 2016",co,0.18,ppm,mostlycloudy,48.0,39,9.3,29.6,1025.5,-999,16.1
Newark Firehouse,"4:51 PM EDT on April 10, 2016",co,0.18,ppm,mostlycloudy,51.1,21,20.4,-9999.0,1025.5,-999,16.1
Newark Firehouse,"3:51 PM EDT on April 10, 2016",co,0.17,ppm,partlycloudy,51.1,23,27.8,-9999.0,1025.4,-999,16.1
Newark Firehouse,"2:51 PM EDT on April 10, 2016",co,0.17,ppm,partlycloudy,50.0,26,22.2,35.2,1026.0,-999,16.1
Newark Firehouse,"1:51 PM EDT on April 10, 2016",co,0.17,ppm,partlycloudy,48.0,27,11.1,-9999.0,1026.4,-999,16.1
Newark Firehouse,"12:51 PM EDT on April 10, 2016",co,0.17,ppm,partlycloudy,46.0,29,9.3,-9999.0,1026.8,43.1,16.1
Newark Firehouse,"11:51 AM EDT on April 10, 2016",co,0.17,ppm,partlycloudy,44.1,34,11.1,-9999.0,1027.1,40.1,16.1
Newark Firehouse,"10:51 AM EDT on April 10, 2016",co,0.16,ppm,partlycloudy,41.0,35,16.7,25.9,1027.2,34.7,16.1
Newark Firehouse,"9:51 AM EDT on April 10, 2016",co,0.18,ppm,partlycloudy,39.0,41,13.0,-9999.0,1027.2,33.4,16.1
Newark Firehouse,"8:51 AM EDT on April 10, 2016",co,0.18,ppm,partlycloudy,36.0,46,16.7,-9999.0,1026.5,28.5,16.1
Newark Firehouse,"7:51 AM EDT on April 10, 2016",co,0.19,ppm,clear,34.0,48,16.7,-9999.0,1025.9,26.0,16.1
Newark Firehouse,"6:51 AM EDT on April 10, 2016",co,0.22,ppm,partlycloudy,30.9,54,13.0,-9999.0,1025.0,23.5,16.1
Newark Firehouse,"3:51 AM EDT on April 10, 2016",co,0.17,ppm,partlycloudy,33.1,48,27.8,37.0,1021.3,22.2,16.1
Newark Firehouse,"2:51 AM EDT on April 10, 2016",co,0.16,ppm,partlycloudy,33.1,43,22.2,-9999.0,1020.5,23.4,16.1
Newark Firehouse,"1:51 AM EDT on April 10, 2016",co,0.16,ppm,partlycloudy,34.0,42,33.3,48.2,1019.4,22.4,16.1
Newark Firehouse,"12:51 AM EDT on April 10, 2016",co,0.16,ppm,partlycloudy,36.0,41,31.5,40.7,1018.0,25.3,16.1
Newark Firehouse,"11:51 PM EDT on April 09, 2016",co,0.17,ppm,partlycloudy,37.0,46,33.3,46.3,1016.3,26.4,16.1
Newark Firehouse,"10:51 PM EDT on April 09, 2016",co,0.17,ppm,partlycloudy,39.0,53,25.9,37.0,1014.8,30.3,16.1
Newark Firehouse,"9:51 PM EDT on April 09, 2016",co,0.19,ppm,cloudy,39.9,63,25.9,37.0,1013.3,31.4,16.1
Newark Firehouse,"8:51 PM EDT on April 09, 2016",co,0.22,ppm,cloudy,39.9,73,18.5,-9999.0,1012.1,32.9,16.1
Newark Firehouse,"7:51 PM EDT on April 09, 2016",co,0.26,ppm,cloudy,41.0,70,20.4,35.2,1010.4,33.9,16.1
Newark Firehouse,"6:51 PM EDT on April 09, 2016",co,0.23,ppm,cloudy,41.0,73,14.8,-9999.0,1009.1,35.2,16.1
Newark Firehouse,"5:51 PM EDT on April 09, 2016",co,0.26,ppm,cloudy,39.9,79,18.5,-9999.0,1008.5,32.9,16.1
Newark Firehouse,"4:51 PM EDT on April 09, 2016",co,0.28,ppm,rain,39.0,89,22.2,-9999.0,1008.1,31.0,14.5
Newark Firehouse,"3:51 PM EDT on April 09, 2016",co,0.32,ppm,rain,39.0,89,24.1,-9999.0,1007.3,30.6,11.3
Newark Firehouse,"2:51 PM EDT on April 09, 2016",co,0.29,ppm,rain,37.9,89,24.1,-9999.0,1007.0,29.2,8.0
Newark Firehouse,"1:51 PM EDT on April 09, 2016",co,0.3,ppm,rain,37.9,86,25.9,-9999.0,1006.9,28.9,8.0
Newark Firehouse,"12:51 PM EDT on April 09, 2016",co,0.26,ppm,rain,41.0,70,11.1,-9999.0,1006.5,36.4,12.9
Newark Firehouse,"11:51 AM EDT on April 09, 2016",co,0.28,ppm,cloudy,44.1,53,18.5,-9999.0,1006.2,38.1,16.1
Newark Firehouse,"10:51 AM EDT on April 09, 2016",co,0.28,ppm,cloudy,44.1,45,14.8,-9999.0,1006.5,39.0,16.1
Newark Firehouse,"9:51 AM EDT on April 09, 2016",co,0.3,ppm,cloudy,43.0,43,14.8,-9999.0,1006.8,37.7,16.1
Newark Firehouse,"8:51 AM EDT on April 09, 2016",co,0.34,ppm,cloudy,42.1,47,13.0,-9999.0,1007.4,37.1,16.1
Newark Firehouse,"7:51 AM EDT on April 09, 2016",co,0.61,ppm,mostlycloudy,39.9,58,9.3,-9999.0,1007.7,35.8,16.1
Newark Firehouse,"6:51 AM EDT on April 09, 2016",co,0.57,ppm,partlycloudy,32.0,66,11.1,-9999.0,1007.4,25.6,16.1
Newark Firehouse,"3:51 AM EDT on April 09, 2016",co,0.62,ppm,partlycloudy,37.0,54,0.0,-9999.0,1008.0,-999,16.1
Newark Firehouse,"2:51 AM EDT on April 09, 2016",co,0.53,ppm,mostlycloudy,36.0,57,5.6,-9999.0,1007.9,33.3,16.1
Newark Firehouse,"1:51 AM EDT on April 09, 2016",co,0.33,ppm,partlycloudy,37.0,57,14.8,-9999.0,1008.0,30.4,16.1
Newark Firehouse,"12:51 AM EDT on April 09, 2016",co,0.31,ppm,partlycloudy,37.9,60,18.5,-9999.0,1008.2,30.5,16.1
Newark Firehouse,"11:51 PM EDT on April 08, 2016",co,0.42,ppm,partlycloudy,39.0,50,9.3,-9999.0,1008.4,34.8,16.1
Newark Firehouse,"10:51 PM EDT on April 08, 2016",co,1.06,ppm,partlycloudy,43.0,43,7.4,-9999.0,1008.8,40.3,16.1
Newark Firehouse,"9:51 PM EDT on April 08, 2016",co,0.74,ppm,partlycloudy,44.1,37,7.4,-9999.0,1008.8,41.5,16.1
Newark Firehouse,"8:51 PM EDT on April 08, 2016",co,0.47,ppm,partlycloudy,44.1,38,7.4,-9999.0,1008.5,41.5,16.1
Newark Firehouse,"7:51 PM EDT on April 08, 2016",co,0.29,ppm,partlycloudy,45.0,37,20.4,-9999.0,1007.7,38.9,16.1
Newark Firehouse,"6:51 PM EDT on April 08, 2016",co,0.24,ppm,mostlycloudy,46.9,36,27.8,37.0,1006.6,-999,16.1
Newark Firehouse,"5:51 PM EDT on April 08, 2016",co,0.22,ppm,mostlycloudy,48.0,36,25.9,42.6,1005.6,-999,16.1
Newark Firehouse,"4:51 PM EDT on April 08, 2016",co,0.21,ppm,mostlycloudy,46.9,36,29.6,44.4,1004.7,-999,16.1
Newark Firehouse,"3:51 PM EDT on April 08, 2016",co,0.22,ppm,mostlycloudy,46.9,36,31.5,48.2,1004.5,-999,16.1
Newark Firehouse,"2:51 PM EDT on April 08, 2016",co,0.21,ppm,cloudy,46.0,37,33.3,50.0,1004.2,38.3,16.1
Newark Firehouse,"1:51 PM EDT on April 08, 2016",co,0.22,ppm,mostlycloudy,46.9,39,37.0,53.7,1003.5,-999,16.1
Newark Firehouse,"12:51 PM EDT on April 08, 2016",co,0.22,ppm,cloudy,46.9,39,29.6,48.2,1003.0,-999,16.1
Newark Firehouse,"11:51 AM EDT on April 08, 2016",co,0.22,ppm,mostlycloudy,48.9,43,27.8,46.3,1002.7,-999,16.1
Newark Firehouse,"10:51 AM EDT on April 08, 2016",co,0.22,ppm,mostlycloudy,48.0,42,33.3,46.3,1002.6,-999,16.1
Newark Firehouse,"9:51 AM EDT on April 08, 2016",co,0.23,ppm,rain,44.1,60,31.5,40.7,1002.3,35.9,16.1
Newark Firehouse,"8:51 AM EDT on April 08, 2016",co,0.26,ppm,mostlycloudy,46.0,56,25.9,48.2,1001.7,39.3,16.1
Newark Firehouse,"7:51 AM EDT on April 08, 2016",co,0.27,ppm,partlycloudy,45.0,60,24.1,-9999.0,1001.1,38.2,16.1
Newark Firehouse,"6:51 AM EDT on April 08, 2016",co,0.31,ppm,partlycloudy,43.0,65,16.7,-9999.0,1000.4,37.2,16.1
Newark Firehouse,"3:51 AM EDT on April 08, 2016",co,0.21,ppm,partlycloudy,46.0,66,24.1,-9999.0,999.1,39.6,16.1
Newark Firehouse,"2:51 AM EDT on April 08, 2016",co,0.23,ppm,mostlycloudy,48.0,66,14.8,-9999.0,998.7,-999,16.1
Newark Firehouse,"1:51 AM EDT on April 08, 2016",co,0.21,ppm,partlycloudy,48.9,64,18.5,-9999.0,998.4,-999,16.1
Newark Firehouse,"12:51 AM EDT on April 08, 2016",co,0.2,ppm,mostlycloudy,50.0,63,24.1,44.4,998.5,-999,16.1
Newark Firehouse,"11:51 PM EDT on April 07, 2016",co,0.19,ppm,mostlycloudy,52.0,61,48.2,61.1,998.4,-999,16.1
Newark Firehouse,"10:51 PM EDT on April 07, 2016",co,0.19,ppm,mostlycloudy,54.0,62,24.1,33.3,997.6,-999,16.1
Newark Firehouse,"9:51 PM EDT on April 07, 2016",co,0.21,ppm,mostlycloudy,55.0,57,18.5,42.6,997.2,-999,16.1
Newark Firehouse,"8:51 PM EDT on April 07, 2016",co,0.33,ppm,partlycloudy,54.0,57,9.3,-9999.0,996.8,-999,16.1
Newark Firehouse,"7:51 PM EDT on April 07, 2016",co,0.39,ppm,partlycloudy,55.9,55,18.5,-9999.0,996.0,-999,16.1
Newark Firehouse,"6:51 PM EDT on April 07, 2016",co,0.27,ppm,mostlycloudy,57.9,56,27.8,33.3,995.6,-999,16.1
Newark Firehouse,"5:51 PM EDT on April 07, 2016",co,0.23,ppm,mostlycloudy,59.0,60,27.8,-9999.0,995.3,-999,16.1
Newark Firehouse,"4:51 PM EDT on April 07, 2016",co,0.23,ppm,mostlycloudy,57.9,67,29.6,44.4,995.0,-999,16.1
Newark Firehouse,"3:51 PM EDT on April 07, 2016",co,0.23,ppm,mostlycloudy,57.0,69,40.7,57.4,994.6,-999,16.1
Newark Firehouse,"2:51 PM EDT on April 07, 2016",co,0.21,ppm,rain,57.0,89,29.6,40.7,994.5,-999,11.3
Newark Firehouse,"1:51 PM EDT on April 07, 2016",co,0.25,ppm,cloudy,55.0,93,25.9,40.7,995.7,-999,11.3
Newark Firehouse,"12:51 PM EDT on April 07, 2016",co,0.25,ppm,rain,55.0,89,24.1,35.2,997.8,-999,4.8
Newark Firehouse,"11:51 AM EDT on April 07, 2016",co,0.23,ppm,cloudy,57.0,77,18.5,40.7,1000.5,-999,16.1
Newark Firehouse,"10:51 AM EDT on April 07, 2016",co,0.23,ppm,cloudy,57.9,75,18.5,33.3,1002.5,-999,16.1
Newark Firehouse,"9:51 AM EDT on April 07, 2016",co,0.23,ppm,cloudy,60.1,69,24.1,38.9,1004.3,-999,16.1
Newark Firehouse,"8:51 AM EDT on April 07, 2016",co,0.25,ppm,cloudy,57.9,72,14.8,31.5,1005.7,-999,16.1
Newark Firehouse,"7:51 AM EDT on April 07, 2016",co,0.26,ppm,cloudy,57.0,69,20.4,-9999.0,1006.8,-999,16.1
Newark Firehouse,"6:51 AM EDT on April 07, 2016",co,0.29,ppm,cloudy,55.9,72,16.7,-9999.0,1007.4,-999,16.1
Newark Firehouse,"3:51 AM EDT on April 07, 2016",co,0.41,ppm,cloudy,46.9,83,0.0,-9999.0,1010.1,-999,16.1
Newark Firehouse,"2:51 AM EDT on April 07, 2016",co,0.41,ppm,cloudy,48.0,77,0.0,-9999.0,1011.5,-999,16.1
Newark Firehouse,"1:51 AM EDT on April 07, 2016",co,0.31,ppm,cloudy,46.9,77,0.0,-9999.0,1012.8,-999,16.1
Newark Firehouse,"12:51 AM EDT on April 07, 2016",co,0.26,ppm,cloudy,46.0,76,0.0,-9999.0,1014.2,-999,16.1
Newark Firehouse,"11:51 PM EDT on April 06, 2016",co,0.27,ppm,cloudy,46.0,73,7.4,-9999.0,1015.0,43.9,16.1
Newark Firehouse,"10:51 PM EDT on April 06, 2016",co,0.24,ppm,cloudy,45.0,71,11.1,-9999.0,1016.0,41.2,16.1
Newark Firehouse,"9:51 PM EDT on April 06, 2016",co,0.22,ppm,cloudy,45.0,68,14.8,-9999.0,1016.7,40.1,16.1
Newark Firehouse,"8:51 PM EDT on April 06, 2016",co,0.22,ppm,mostlycloudy,45.0,60,18.5,-9999.0,1017.4,39.3,16.1
Newark Firehouse,"7:51 PM EDT on April 06, 2016",co,0.19,ppm,mostlycloudy,46.0,47,25.9,42.6,1018.0,39.3,16.1
Newark Firehouse,"3:51 PM EDT on April 06, 2016",co,0.21,ppm,mostlycloudy,46.0,40,24.1,38.9,1021.3,39.6,16.1
Newark Firehouse,"2:51 PM EDT on April 06, 2016",co,0.21,ppm,mostlycloudy,48.0,34,27.8,38.9,1022.9,-999,16.1
Newark Firehouse,"1:51 PM EDT on April 06, 2016",co,0.23,ppm,mostlycloudy,46.9,36,18.5,29.6,1024.9,-999,16.1
Newark Firehouse,"12:51 PM EDT on April 06, 2016",co,0.3,ppm,mostlycloudy,46.0,34,14.8,-9999.0,1026.2,41.4,16.1
Newark Firehouse,"10:51 AM EDT on April 06, 2016",co,0.23,ppm,partlycloudy,41.0,31,13.0,-9999.0,1028.7,35.8,16.1
Newark Firehouse,"9:51 AM EDT on April 06, 2016",co,0.28,ppm,partlycloudy,37.9,32,7.4,-9999.0,1029.6,34.4,16.1
Newark Firehouse,"8:51 AM EDT on April 06, 2016",co,0.43,ppm,partlycloudy,37.0,30,0.0,-9999.0,1029.5,-999,16.1
Newark Firehouse,"7:51 AM EDT on April 06, 2016",co,0.48,ppm,partlycloudy,34.0,34,9.3,-9999.0,1029.6,28.8,16.1
Newark Firehouse,"6:51 AM EDT on April 06, 2016",co,0.6,ppm,partlycloudy,30.0,41,5.6,-9999.0,1028.5,26.5,16.1
Newark Firehouse,"3:51 AM EDT on April 06, 2016",co,0.24,ppm,clear,30.0,41,7.4,-9999.0,1028.2,25.2,16.1
Newark Firehouse,"2:51 AM EDT on April 06, 2016",co,0.25,ppm,clear,28.0,45,11.1,-9999.0,1028.8,20.8,16.1
Newark Firehouse,"1:51 AM EDT on April 06, 2016",co,0.22,ppm,clear,28.9,40,11.1,-9999.0,1028.7,21.9,16.1
Newark Firehouse,"12:51 AM EDT on April 06, 2016",co,0.2,ppm,partlycloudy,33.1,32,14.8,-9999.0,1028.8,25.5,16.1
Newark Firehouse,"11:51 PM EDT on April 05, 2016",co,0.21,ppm,partlycloudy,34.0,30,16.7,-9999.0,1028.9,26.0,16.1
Newark Firehouse,"10:51 PM EDT on April 05, 2016",co,0.18,ppm,partlycloudy,36.0,26,20.4,-9999.0,1028.7,27.5,16.1
Newark Firehouse,"9:51 PM EDT on April 05, 2016",co,0.21,ppm,partlycloudy,37.0,24,18.5,-9999.0,1028.7,29.3,16.1
Newark Firehouse,"8:51 PM EDT on April 05, 2016",co,0.22,ppm,partlycloudy,39.0,21,16.7,-9999.0,1028.0,32.3,16.1
Newark Firehouse,"7:51 PM EDT on April 05, 2016",co,0.21,ppm,partlycloudy,39.9,19,18.5,-9999.0,1026.8,32.9,16.1
Newark Firehouse,"6:51 PM EDT on April 05, 2016",co,0.25,ppm,clear,41.0,16,24.1,-9999.0,1026.3,33.1,16.1
Newark Firehouse,"5:51 PM EDT on April 05, 2016",co,0.19,ppm,clear,43.0,18,20.4,35.2,1025.7,36.4,16.1
Newark Firehouse,"4:51 PM EDT on April 05, 2016",co,0.17,ppm,clear,43.0,18,20.4,35.2,1025.5,36.4,16.1
Newark Firehouse,"2:51 PM EDT on April 05, 2016",co,0.17,ppm,clear,42.1,25,29.6,42.6,1025.9,33.6,16.1
Newark Firehouse,"1:51 PM EDT on April 05, 2016",co,0.17,ppm,clear,39.9,28,24.1,50.0,1026.5,31.8,16.1
Newark Firehouse,"12:51 PM EDT on April 05, 2016",co,0.17,ppm,partlycloudy,37.9,25,24.1,44.4,1026.9,29.2,16.1
Newark Firehouse,"10:51 AM EDT on April 05, 2016",co,0.18,ppm,partlycloudy,35.1,27,37.0,48.2,1027.1,23.3,16.1
Newark Firehouse,"9:51 AM EDT on April 05, 2016",co,0.18,ppm,partlycloudy,32.0,35,29.6,-9999.0,1026.2,20.5,16.1
Newark Firehouse,"8:51 AM EDT on April 05, 2016",co,0.19,ppm,partlycloudy,30.0,36,38.9,50.0,1025.4,16.3,16.1
Newark Firehouse,"7:51 AM EDT on April 05, 2016",co,0.24,ppm,partlycloudy,27.0,45,35.2,44.4,1024.5,12.8,16.1
Newark Firehouse,"6:51 AM EDT on April 05, 2016",co,0.27,ppm,mostlycloudy,26.1,49,31.5,-9999.0,1023.8,12.3,16.1
Newark Firehouse,"3:51 AM EDT on April 05, 2016",co,0.17,ppm,mostlycloudy,28.0,56,31.5,48.2,1019.8,14.9,16.1
Newark Firehouse,"2:51 AM EDT on April 05, 2016",co,0.17,ppm,mostlycloudy,28.9,64,31.5,46.3,1019.5,16.1,16.1
Newark Firehouse,"1:51 AM EDT on April 05, 2016",co,0.17,ppm,cloudy,30.0,66,27.8,-9999.0,1019.4,18.3,16.1
Newark Firehouse,"12:51 AM EDT on April 05, 2016",co,0.18,ppm,cloudy,30.0,72,25.9,-9999.0,1018.8,18.7,16.1
Newark Firehouse,"11:51 PM EDT on April 04, 2016",co,0.19,ppm,cloudy,30.0,75,27.8,-9999.0,1018.3,18.3,16.1
Newark Firehouse,"10:51 PM EDT on April 04, 2016",co,0.2,ppm,cloudy,30.9,76,24.1,37.0,1017.6,20.2,16.1
Newark Firehouse,"9:51 PM EDT on April 04, 2016",co,0.22,ppm,cloudy,32.0,82,31.5,44.4,1016.2,20.1,16.1
Newark Firehouse,"8:51 PM EDT on April 04, 2016",co,0.25,ppm,cloudy,33.1,89,25.9,38.9,1015.3,22.6,16.1
Newark Firehouse,"7:51 PM EDT on April 04, 2016",co,0.26,ppm,cloudy,34.0,96,25.9,-9999.0,1013.9,23.8,16.1
Newark Firehouse,"6:51 PM EDT on April 04, 2016",co,0.31,ppm,cloudy,36.0,97,27.8,-9999.0,1012.5,26.0,16.1
Newark Firehouse,"5:51 PM EDT on April 04, 2016",co,0.34,ppm,rain,39.0,96,31.5,46.3,1010.5,29.3,9.7
Newark Firehouse,"4:51 PM EDT on April 04, 2016",co,0.46,ppm,rain,44.1,96,11.1,-9999.0,1009.5,40.1,4.8
Newark Firehouse,"3:51 PM EDT on April 04, 2016",co,0.62,ppm,rain,44.1,96,14.8,-9999.0,1008.8,39.0,4.8
Newark Firehouse,"2:51 PM EDT on April 04, 2016",co,0.63,ppm,rain,43.0,97,9.3,-9999.0,1009.2,39.5,4.0
Newark Firehouse,"1:54 PM EDT on April 04, 2016",co,0.63,ppm,rain,42.8,93,9.3,-9999.0,1009.0,39.3,6.4
Newark Firehouse,"12:51 PM EDT on April 04, 2016",co,0.56,ppm,rain,43.0,89,13.0,-9999.0,1009.4,38.2,12.9
Newark Firehouse,"11:51 AM EDT on April 04, 2016",co,0.6,ppm,rain,43.0,89,11.1,-9999.0,1009.8,38.8,8.0
Newark Firehouse,"10:51 AM EDT on April 04, 2016",co,0.67,ppm,cloudy,42.1,89,11.1,-9999.0,1010.3,37.7,12.9
Newark Firehouse,"9:51 AM EDT on April 04, 2016",co,0.7,ppm,rain,42.1,82,7.4,-9999.0,1010.5,39.2,9.7
Newark Firehouse,"8:51 AM EDT on April 04, 2016",co,0.62,ppm,rain,42.1,76,0.0,-9999.0,1011.2,-999,14.5
Newark Firehouse,"7:51 AM EDT on April 04, 2016",co,0.58,ppm,rain,44.1,71,9.3,-9999.0,1012.5,40.8,16.1
Newark Firehouse,"6:51 AM EDT on April 04, 2016",co,0.33,ppm,rain,43.0,65,13.0,-9999.0,1013.0,38.2,16.1
Newark Firehouse,"3:51 AM EDT on April 04, 2016",co,0.23,ppm,cloudy,37.9,53,14.8,-9999.0,1015.4,31.5,16.1
Newark Firehouse,"2:51 AM EDT on April 04, 2016",co,0.21,ppm,cloudy,37.9,45,13.0,-9999.0,1016.2,32.1,16.1
Newark Firehouse,"1:51 AM EDT on April 04, 2016",co,0.24,ppm,snow,37.9,41,5.6,-9999.0,1017.2,35.5,14.5
Newark Firehouse,"7:51 PM EDT on April 03, 2016",co,0.23,ppm,partlycloudy,39.9,27,16.7,-9999.0,1015.2,33.4,16.1
Newark Firehouse,"6:51 PM EDT on April 03, 2016",co,0.19,ppm,partlycloudy,42.1,25,20.4,-9999.0,1014.2,35.2,16.1
Newark Firehouse,"5:51 PM EDT on April 03, 2016",co,0.17,ppm,partlycloudy,43.0,22,24.1,38.9,1013.5,35.7,16.1
Newark Firehouse,"4:51 PM EDT on April 03, 2016",co,0.16,ppm,partlycloudy,44.1,21,25.9,48.2,1012.8,36.8,16.1
Newark Firehouse,"3:51 PM EDT on April 03, 2016",co,0.16,ppm,partlycloudy,43.0,21,35.2,55.6,1011.9,34.0,16.1
Newark Firehouse,"2:51 PM EDT on April 03, 2016",co,0.16,ppm,partlycloudy,43.0,21,42.6,59.3,1011.4,33.1,16.1
Newark Firehouse,"1:51 PM EDT on April 03, 2016",co,0.16,ppm,partlycloudy,41.0,21,35.2,66.7,1011.0,31.4,16.1
Newark Firehouse,"12:51 PM EDT on April 03, 2016",co,0.16,ppm,partlycloudy,42.1,22,33.3,63.0,1010.3,33.1,16.1
Newark Firehouse,"11:51 AM EDT on April 03, 2016",co,0.16,ppm,partlycloudy,39.0,26,44.4,70.4,1009.4,27.6,16.1
Newark Firehouse,"10:51 AM EDT on April 03, 2016",co,0.15,ppm,partlycloudy,37.9,28,50.0,75.9,1008.3,25.5,16.1
Newark Firehouse,"9:51 AM EDT on April 03, 2016",co,0.15,ppm,partlycloudy,37.0,29,51.9,77.8,1006.7,24.1,16.1
Newark Firehouse,"8:51 AM EDT on April 03, 2016",co,0.15,ppm,partlycloudy,35.1,35,57.4,85.2,1005.1,20.8,16.1
Newark Firehouse,"7:51 AM EDT on April 03, 2016",co,0.15,ppm,partlycloudy,36.0,44,42.6,72.2,1003.0,23.7,16.1
Newark Firehouse,"6:51 AM EDT on April 03, 2016",co,0.16,ppm,mostlycloudy,36.0,59,46.3,88.9,1000.0,23.2,16.1
Newark Firehouse,"3:51 AM EDT on April 03, 2016",co,0.17,ppm,mostlycloudy,41.0,62,42.6,57.4,992.0,30.5,16.1
Newark Firehouse,"2:51 AM EDT on April 03, 2016",co,0.17,ppm,cloudy,42.1,79,27.8,48.2,992.0,33.9,16.1
Newark Firehouse,"1:51 AM EDT on April 03, 2016",co,0.19,ppm,cloudy,44.1,85,24.1,-9999.0,991.9,37.1,16.1
Newark Firehouse,"12:57 AM EDT on April 03, 2016",co,0.19,ppm,tstorms,42.8,87,40.7,64.8,991.8,33.1,8.0
Newark Firehouse,"11:51 PM EDT on April 02, 2016",co,0.22,ppm,cloudy,50.0,83,13.0,-9999.0,991.7,-999,16.1
Newark Firehouse,"10:51 PM EDT on April 02, 2016",co,0.26,ppm,mostlycloudy,50.0,83,24.1,-9999.0,993.3,-999,16.1
Newark Firehouse,"9:51 PM EDT on April 02, 2016",co,0.24,ppm,mostlycloudy,51.1,83,22.2,-9999.0,994.1,-999,16.1
Newark Firehouse,"8:51 PM EDT on April 02, 2016",co,0.25,ppm,partlycloudy,51.1,80,18.5,-9999.0,994.1,-999,16.1
Newark Firehouse,"7:51 PM EDT on April 02, 2016",co,0.32,ppm,mostlycloudy,55.0,49,11.1,-9999.0,993.6,-999,16.1
Newark Firehouse,"6:51 PM EDT on April 02, 2016",co,0.27,ppm,partlycloudy,55.0,49,14.8,-9999.0,993.9,-999,16.1
Newark Firehouse,"5:51 PM EDT on April 02, 2016",co,0.22,ppm,partlycloudy,57.0,47,25.9,-9999.0,994.2,-999,16.1
Newark Firehouse,"4:51 PM EDT on April 02, 2016",co,0.23,ppm,partlycloudy,55.9,53,16.7,-9999.0,994.2,-999,16.1
Newark Firehouse,"3:51 PM EDT on April 02, 2016",co,0.22,ppm,mostlycloudy,55.0,55,9.3,-9999.0,994.8,-999,16.1
Newark Firehouse,"2:51 PM EDT on April 02, 2016",co,0.21,ppm,mostlycloudy,55.0,59,16.7,-9999.0,996.9,-999,16.1
Newark Firehouse,"1:51 PM EDT on April 02, 2016",co,0.22,ppm,cloudy,52.0,66,20.4,-9999.0,998.1,-999,16.1
Newark Firehouse,"12:51 PM EDT on April 02, 2016",co,0.22,ppm,rain,52.0,69,13.0,-9999.0,999.7,-999,16.1
Newark Firehouse,"11:51 AM EDT on April 02, 2016",co,0.25,ppm,cloudy,50.0,83,7.4,-9999.0,1000.9,-999,16.1
Newark Firehouse,"10:51 AM EDT on April 02, 2016",co,0.26,ppm,rain,50.0,83,13.0,-9999.0,1002.9,-999,9.7
Newark Firehouse,"9:51 AM EDT on April 02, 2016",co,0.27,ppm,rain,50.0,80,13.0,-9999.0,1003.1,-999,11.3
Newark Firehouse,"8:51 AM EDT on April 02, 2016",co,0.31,ppm,rain,53.1,71,11.1,-9999.0,1003.2,-999,11.3
Newark Firehouse,"7:51 AM EDT on April 02, 2016",co,0.36,ppm,rain,55.0,64,0.0,-9999.0,1002.6,-999,16.1
Newark Firehouse,"6:51 AM EDT on April 02, 2016",co,0.31,ppm,cloudy,54.0,66,7.4,-9999.0,1002.5,-999,16.1
Newark Firehouse,"3:51 AM EDT on April 02, 2016",co,0.22,ppm,rain,55.9,67,14.8,-9999.0,1003.8,-999,16.1
Newark Firehouse,"2:51 AM EDT on April 02, 2016",co,0.24,ppm,rain,59.0,55,20.4,-9999.0,1004.2,-999,16.1
Newark Firehouse,"1:51 AM EDT on April 02, 2016",co,0.22,ppm,cloudy,61.0,56,14.8,-9999.0,1003.8,-999,16.1
Newark Firehouse,"12:51 AM EDT on April 02, 2016",co,0.24,ppm,cloudy,64.0,43,11.1,-9999.0,1003.6,-999,16.1
Newark Firehouse,"11:51 PM EDT on April 01, 2016",co,0.26,ppm,cloudy,64.9,45,16.7,-9999.0,1003.8,-999,16.1
Newark Firehouse,"9:51 PM EDT on April 01, 2016",co,0.37,ppm,cloudy,66.9,79,11.1,-9999.0,1002.1,-999,16.1
Newark Firehouse,"8:51 PM EDT on April 01, 2016",co,0.35,ppm,cloudy,68.0,76,9.3,-9999.0,1001.2,-999,16.1
Newark Firehouse,"7:51 PM EDT on April 01, 2016",co,0.35,ppm,cloudy,68.0,76,14.8,-9999.0,999.9,-999,16.1
Newark Firehouse,"6:59 PM EDT on April 01, 2016",co,0.25,ppm,tstorms,71.6,69,40.7,55.6,1000.2,-999,14.5
Newark Firehouse,"5:51 PM EDT on April 01, 2016",co,0.25,ppm,mostlycloudy,78.1,46,25.9,44.4,998.1,-999,16.1
Newark Firehouse,"4:51 PM EDT on April 01, 2016",co,0.23,ppm,partlycloudy,80.1,43,25.9,38.9,997.3,-999,16.1
Newark Firehouse,"3:51 PM EDT on April 01, 2016",co,0.22,ppm,mostlycloudy,78.1,50,24.1,38.9,998.0,-999,16.1
Newark Firehouse,"2:51 PM EDT on April 01, 2016",co,0.23,ppm,mostlycloudy,77.0,54,33.3,44.4,999.2,-999,16.1
Newark Firehouse,"1:51 PM EDT on April 01, 2016",co,0.21,ppm,mostlycloudy,73.9,64,31.5,42.6,1000.0,-999,16.1
Newark Firehouse,"12:51 PM EDT on April 01, 2016",co,0.22,ppm,mostlycloudy,70.0,78,25.9,37.0,1000.7,-999,16.1
Newark Firehouse,"11:51 AM EDT on April 01, 2016",co,0.21,ppm,cloudy,71.1,70,31.5,50.0,1002.4,-999,16.1
Newark Firehouse,"10:58 AM EDT on April 01, 2016",co,0.21,ppm,cloudy,71.6,73,31.5,42.6,1002.3,-999,16.1
Newark Firehouse,"9:51 AM EDT on April 01, 2016",co,0.2,ppm,cloudy,70.0,78,24.1,33.3,1002.6,-999,16.1
Newark Firehouse,"8:51 AM EDT on April 01, 2016",co,0.21,ppm,cloudy,68.0,87,29.6,40.7,1003.3,-999,16.1
Newark Firehouse,"7:51 AM EDT on April 01, 2016",co,0.24,ppm,rain,66.9,87,14.8,-9999.0,1003.8,-999,9.7
Newark Firehouse,"6:51 AM EDT on April 01, 2016",co,0.21,ppm,cloudy,66.9,84,24.1,38.9,1004.2,-999,16.1
Newark Firehouse,"3:51 AM EDT on April 01, 2016",co,0.17,ppm,cloudy,66.0,84,22.2,33.3,1006.5,-999,16.1
Newark Firehouse,"2:51 AM EDT on April 01, 2016",co,0.16,ppm,cloudy,64.9,84,24.1,37.0,1006.5,-999,16.1
Newark Firehouse,"1:51 AM EDT on April 01, 2016",co,0.17,ppm,cloudy,66.0,78,22.2,-9999.0,1006.8,-999,16.1
Newark Firehouse,"12:51 AM EDT on April 01, 2016",co,0.18,ppm,cloudy,66.0,78,20.4,-9999.0,1007.7,-999,16.1
Newark Firehouse,"11:51 PM EDT on March 31, 2016",co,0.17,ppm,rain,66.0,73,18.5,31.5,1008.2,-999,16.1
Newark Firehouse,"10:51 PM EDT on March 31, 2016",co,0.19,ppm,rain,64.9,73,25.9,-9999.0,1008.3,-999,16.1
Newark Firehouse,"9:51 PM EDT on March 31, 2016",co,0.21,ppm,mostlycloudy,64.9,65,20.4,31.5,1009.0,-999,16.1
Newark Firehouse,"2:51 PM EDT on March 31, 2016",co,0.2,ppm,mostlycloudy,73.0,41,35.2,46.3,1012.1,-999,16.1
Newark Firehouse,"1:51 PM EDT on March 31, 2016",co,0.2,ppm,mostlycloudy,72.0,43,25.9,50.0,1013.1,-999,16.1
Newark Firehouse,"12:51 PM EDT on March 31, 2016",co,0.21,ppm,cloudy,71.1,44,27.8,46.3,1013.8,-999,16.1
Newark Firehouse,"11:51 AM EDT on March 31, 2016",co,0.19,ppm,cloudy,71.1,44,35.2,57.4,1014.4,-999,16.1
Newark Firehouse,"10:51 AM EDT on March 31, 2016",co,0.19,ppm,mostlycloudy,68.0,47,37.0,61.1,1014.9,-999,16.1
Newark Firehouse,"9:51 AM EDT on March 31, 2016",co,0.19,ppm,mostlycloudy,64.0,54,33.3,55.6,1016.0,-999,16.1
Newark Firehouse,"8:51 AM EDT on March 31, 2016",co,0.29,ppm,mostlycloudy,57.9,62,18.5,-9999.0,1016.4,-999,16.1
Newark Firehouse,"7:51 AM EDT on March 31, 2016",co,0.49,ppm,mostlycloudy,53.1,71,11.1,-9999.0,1017.1,-999,16.1
Newark Firehouse,"6:51 AM EDT on March 31, 2016",co,0.5,ppm,partlycloudy,50.0,71,9.3,-9999.0,1017.4,-999,16.1
Newark Firehouse,"1:51 AM EDT on March 31, 2016",co,0.19,ppm,mostlycloudy,48.0,52,27.8,-9999.0,1019.9,-999,16.1
Newark Firehouse,"12:51 AM EDT on March 31, 2016",co,0.18,ppm,mostlycloudy,46.9,46,18.5,-9999.0,1020.7,-999,16.1
Newark Firehouse,"11:51 PM EDT on March 30, 2016",co,0.19,ppm,mostlycloudy,46.9,46,22.2,-9999.0,1021.5,-999,16.1
Newark Firehouse,"10:51 PM EDT on March 30, 2016",co,0.21,ppm,mostlycloudy,46.9,50,22.2,-9999.0,1021.5,-999,16.1
Newark Firehouse,"9:51 PM EDT on March 30, 2016",co,0.23,ppm,mostlycloudy,48.0,48,20.4,-9999.0,1022.5,-999,16.1
Newark Firehouse,"8:51 PM EDT on March 30, 2016",co,0.23,ppm,mostlycloudy,50.0,50,22.2,29.6,1022.8,-999,16.1
Newark Firehouse,"7:51 PM EDT on March 30, 2016",co,0.34,ppm,mostlycloudy,52.0,47,18.5,-9999.0,1022.0,-999,16.1
Newark Firehouse,"6:51 PM EDT on March 30, 2016",co,0.29,ppm,mostlycloudy,52.0,50,24.1,35.2,1021.8,-999,16.1
Newark Firehouse,"5:51 PM EDT on March 30, 2016",co,0.26,ppm,mostlycloudy,54.0,43,18.5,35.2,1022.5,-999,16.1
Newark Firehouse,"4:51 PM EDT on March 30, 2016",co,0.25,ppm,mostlycloudy,53.1,43,16.7,29.6,1023.4,-999,16.1
Newark Firehouse,"3:51 PM EDT on March 30, 2016",co,0.24,ppm,mostlycloudy,52.0,45,22.2,33.3,1024.8,-999,16.1
Newark Firehouse,"2:51 PM EDT on March 30, 2016",co,0.25,ppm,partlycloudy,52.0,37,20.4,33.3,1025.5,-999,16.1
Newark Firehouse,"1:51 PM EDT on March 30, 2016",co,0.23,ppm,partlycloudy,53.1,26,18.5,29.6,1026.0,-999,16.1
Newark Firehouse,"12:51 PM EDT on March 30, 2016",co,0.22,ppm,partlycloudy,53.1,22,13.0,-9999.0,1027.0,-999,16.1
Newark Firehouse,"11:51 AM EDT on March 30, 2016",co,0.21,ppm,partlycloudy,50.0,21,9.3,-9999.0,1027.8,-999,16.1
Newark Firehouse,"10:51 AM EDT on March 30, 2016",co,0.22,ppm,partlycloudy,48.0,26,9.3,-9999.0,1028.5,-999,16.1
Newark Firehouse,"9:51 AM EDT on March 30, 2016",co,0.32,ppm,partlycloudy,44.1,31,5.6,-9999.0,1028.7,42.5,16.1
Newark Firehouse,"8:51 AM EDT on March 30, 2016",co,0.59,ppm,partlycloudy,43.0,31,0.0,-9999.0,1028.9,-999,16.1
Newark Firehouse,"7:51 AM EDT on March 30, 2016",co,0.64,ppm,partlycloudy,39.0,38,0.0,-9999.0,1028.6,-999,16.1
Newark Firehouse,"6:51 AM EDT on March 30, 2016",co,0.9,ppm,partlycloudy,34.0,46,5.6,-9999.0,1028.4,31.0,16.1
Newark Firehouse,"3:51 AM EDT on March 30, 2016",co,0.38,ppm,clear,37.0,37,0.0,-9999.0,1025.9,-999,16.1
Newark Firehouse,"2:51 AM EDT on March 30, 2016",co,0.2,ppm,clear,37.0,36,5.6,-9999.0,1026.0,34.5,16.1
Newark Firehouse,"1:51 AM EDT on March 30, 2016",co,0.2,ppm,clear,39.0,32,16.7,-9999.0,1025.3,32.3,16.1
Newark Firehouse,"12:51 AM EDT on March 30, 2016",co,0.19,ppm,clear,39.9,29,14.8,-9999.0,1024.5,33.9,16.1
Newark Firehouse,"5:51 PM EDT on March 29, 2016",co,0.16,ppm,clear,52.0,18,44.4,53.7,1016.9,-999,16.1
Newark Firehouse,"4:51 PM EDT on March 29, 2016",co,0.16,ppm,clear,54.0,16,44.4,64.8,1015.8,-999,16.1
Newark Firehouse,"3:51 PM EDT on March 29, 2016",co,0.17,ppm,partlycloudy,55.0,18,44.4,57.4,1015.6,-999,16.1
Newark Firehouse,"2:51 PM EDT on March 29, 2016",co,0.17,ppm,partlycloudy,55.9,18,37.0,53.7,1014.8,-999,16.1
Newark Firehouse,"1:51 PM EDT on March 29, 2016",co,0.16,ppm,partlycloudy,55.0,19,38.9,57.4,1014.8,-999,16.1
Newark Firehouse,"12:51 PM EDT on March 29, 2016",co,0.16,ppm,partlycloudy,54.0,22,40.7,63.0,1014.5,-999,16.1
Newark Firehouse,"11:51 AM EDT on March 29, 2016",co,0.16,ppm,partlycloudy,52.0,26,44.4,61.1,1014.6,-999,16.1
Newark Firehouse,"10:51 AM EDT on March 29, 2016",co,0.17,ppm,partlycloudy,51.1,31,37.0,51.9,1014.3,-999,16.1
Newark Firehouse,"9:51 AM EDT on March 29, 2016",co,0.18,ppm,partlycloudy,48.9,33,37.0,46.3,1013.8,-999,16.1
Newark Firehouse,"8:51 AM EDT on March 29, 2016",co,0.19,ppm,partlycloudy,46.9,42,35.2,53.7,1013.1,-999,16.1
Newark Firehouse,"7:51 AM EDT on March 29, 2016",co,0.2,ppm,partlycloudy,45.0,46,31.5,44.4,1012.4,37.1,16.1
Newark Firehouse,"6:51 AM EDT on March 29, 2016",co,0.23,ppm,partlycloudy,44.1,53,18.5,38.9,1011.4,38.1,16.1
Newark Firehouse,"3:51 AM EDT on March 29, 2016",co,0.16,ppm,mostlycloudy,46.9,52,37.0,48.2,1008.3,-999,16.1
Newark Firehouse,"2:51 AM EDT on March 29, 2016",co,0.16,ppm,mostlycloudy,46.9,50,44.4,66.7,1008.0,-999,16.1
Newark Firehouse,"1:51 AM EDT on March 29, 2016",co,0.15,ppm,cloudy,48.0,50,38.9,61.1,1007.4,-999,16.1
Newark Firehouse,"12:51 AM EDT on March 29, 2016",co,0.17,ppm,mostlycloudy,48.9,50,40.7,64.8,1006.6,-999,16.1
Newark Firehouse,"10:51 PM EDT on March 28, 2016",co,0.19,ppm,cloudy,52.0,45,35.2,53.7,1004.7,-999,16.1
Newark Firehouse,"9:51 PM EDT on March 28, 2016",co,0.19,ppm,mostlycloudy,54.0,47,48.2,72.2,1003.8,-999,16.1
Newark Firehouse,"8:51 PM EDT on March 28, 2016",co,0.2,ppm,mostlycloudy,55.9,45,42.6,59.3,1002.1,-999,16.1
Newark Firehouse,"7:51 PM EDT on March 28, 2016",co,0.2,ppm,mostlycloudy,57.0,44,48.2,72.2,1000.9,-999,16.1
Newark Firehouse,"6:51 PM EDT on March 28, 2016",co,0.21,ppm,partlycloudy,57.9,42,48.2,77.8,1000.2,-999,16.1
Newark Firehouse,"5:51 PM EDT on March 28, 2016",co,0.22,ppm,partlycloudy,60.1,39,38.9,70.4,1000.1,-999,16.1
Newark Firehouse,"4:51 PM EDT on March 28, 2016",co,0.22,ppm,partlycloudy,64.9,40,50.0,75.9,999.0,-999,16.1
Newark Firehouse,"1:51 AM EDT on March 28, 2016",co,0.22,ppm,cloudy,45.0,76,11.1,-9999.0,1018.0,41.2,16.1
Newark Firehouse,"12:51 AM EDT on March 28, 2016",co,0.22,ppm,cloudy,45.0,74,11.1,-9999.0,1019.1,41.2,16.1
Newark Firehouse,"11:51 PM EDT on March 27, 2016",co,0.26,ppm,cloudy,45.0,80,13.0,-9999.0,1021.1,40.6,16.1
Newark Firehouse,"10:51 PM EDT on March 27, 2016",co,0.24,ppm,cloudy,45.0,76,11.1,-9999.0,1022.3,41.2,16.1
Newark Firehouse,"9:51 PM EDT on March 27, 2016",co,0.23,ppm,cloudy,45.0,74,13.0,-9999.0,1022.9,40.6,16.1
Newark Firehouse,"8:51 PM EDT on March 27, 2016",co,0.24,ppm,cloudy,45.0,74,7.4,-9999.0,1023.7,42.6,16.1
Newark Firehouse,"7:51 PM EDT on March 27, 2016",co,0.25,ppm,cloudy,45.0,74,9.3,-9999.0,1024.1,41.8,16.1
Newark Firehouse,"6:51 PM EDT on March 27, 2016",co,0.25,ppm,cloudy,45.0,71,13.0,-9999.0,1024.4,40.6,16.1
Newark Firehouse,"5:51 PM EDT on March 27, 2016",co,0.24,ppm,cloudy,46.0,71,14.8,-9999.0,1025.2,41.4,16.1
Newark Firehouse,"4:51 PM EDT on March 27, 2016",co,0.22,ppm,cloudy,46.0,68,16.7,-9999.0,1025.6,41.0,16.1
Newark Firehouse,"3:51 PM EDT on March 27, 2016",co,0.21,ppm,mostlycloudy,48.0,66,18.5,-9999.0,1025.9,-999,16.1
Newark Firehouse,"2:51 PM EDT on March 27, 2016",co,0.22,ppm,mostlycloudy,48.9,64,18.5,27.8,1026.7,-999,16.1
Newark Firehouse,"1:51 PM EDT on March 27, 2016",co,0.24,ppm,mostlycloudy,50.0,61,14.8,-9999.0,1027.5,-999,16.1
Newark Firehouse,"12:51 PM EDT on March 27, 2016",co,0.25,ppm,mostlycloudy,48.9,64,11.1,-9999.0,1028.5,-999,16.1
Newark Firehouse,"11:51 AM EDT on March 27, 2016",co,0.25,ppm,mostlycloudy,46.9,71,7.4,-9999.0,1029.1,-999,16.1
Newark Firehouse,"10:51 AM EDT on March 27, 2016",co,0.26,ppm,mostlycloudy,46.9,68,9.3,-9999.0,1029.5,-999,16.1
Newark Firehouse,"9:51 AM EDT on March 27, 2016",co,0.28,ppm,mostlycloudy,46.0,71,11.1,-9999.0,1029.5,42.5,16.1
Newark Firehouse,"8:51 AM EDT on March 27, 2016",co,0.3,ppm,mostlycloudy,45.0,74,11.1,-9999.0,1029.6,41.2,16.1
Newark Firehouse,"2:51 AM EDT on March 27, 2016",co,0.25,ppm,cloudy,44.1,79,9.3,-9999.0,1029.3,40.8,16.1
Newark Firehouse,"1:51 AM EDT on March 27, 2016",co,0.22,ppm,cloudy,44.1,79,7.4,-9999.0,1029.2,41.5,16.1
Newark Firehouse,"12:51 AM EDT on March 27, 2016",co,0.24,ppm,mostlycloudy,44.1,79,5.6,-9999.0,1029.0,42.5,16.1
Newark Firehouse,"9:51 PM EDT on March 26, 2016",co,0.23,ppm,mostlycloudy,44.1,79,13.0,-9999.0,1029.2,39.5,16.1
Newark Firehouse,"8:51 PM EDT on March 26, 2016",co,0.24,ppm,mostlycloudy,45.0,76,14.8,-9999.0,1029.0,40.1,16.1
Newark Firehouse,"7:51 PM EDT on March 26, 2016",co,0.26,ppm,partlycloudy,44.1,76,16.7,25.9,1028.1,38.6,16.1
Newark Firehouse,"6:51 PM EDT on March 26, 2016",co,0.26,ppm,partlycloudy,46.0,71,11.1,-9999.0,1027.7,42.5,16.1
Newark Firehouse,"5:51 PM EDT on March 26, 2016",co,0.23,ppm,partlycloudy,48.0,61,20.4,-9999.0,1028.0,-999,16.1
Newark Firehouse,"4:51 PM EDT on March 26, 2016",co,0.22,ppm,partlycloudy,48.9,59,20.4,29.6,1026.8,-999,16.1
Newark Firehouse,"3:51 PM EDT on March 26, 2016",co,0.22,ppm,partlycloudy,50.0,57,22.2,31.5,1026.4,-999,16.1
Newark Firehouse,"2:51 PM EDT on March 26, 2016",co,0.25,ppm,partlycloudy,52.0,49,18.5,25.9,1025.7,-999,16.1
Newark Firehouse,"1:51 PM EDT on March 26, 2016",co,0.3,ppm,partlycloudy,51.1,46,7.4,-9999.0,1026.2,-999,16.1
Newark Firehouse,"12:51 PM EDT on March 26, 2016",co,0.28,ppm,partlycloudy,48.9,48,0.0,-9999.0,1026.8,-999,16.1
Newark Firehouse,"10:51 AM EDT on March 26, 2016",co,0.23,ppm,partlycloudy,46.9,50,11.1,-9999.0,1027.2,-999,16.1
Newark Firehouse,"9:51 AM EDT on March 26, 2016",co,0.22,ppm,partlycloudy,45.0,52,16.7,27.8,1026.2,39.7,16.1
Newark Firehouse,"8:51 AM EDT on March 26, 2016",co,0.23,ppm,partlycloudy,42.1,55,18.5,-9999.0,1025.7,35.7,16.1
Newark Firehouse,"7:51 AM EDT on March 26, 2016",co,0.26,ppm,partlycloudy,39.9,58,16.7,-9999.0,1025.2,33.4,16.1
Newark Firehouse,"2:51 AM EDT on March 26, 2016",co,0.19,ppm,mostlycloudy,41.0,60,24.1,-9999.0,1020.3,33.1,16.1
Newark Firehouse,"1:51 AM EDT on March 26, 2016",co,0.18,ppm,mostlycloudy,44.1,55,24.1,-9999.0,1019.3,37.1,16.1
Newark Firehouse,"12:51 AM EDT on March 26, 2016",co,0.18,ppm,partlycloudy,46.9,52,25.9,-9999.0,1018.4,-999,16.1
Newark Firehouse,"11:51 PM EDT on March 25, 2016",co,0.18,ppm,mostlycloudy,48.9,50,35.2,42.6,1017.3,-999,16.1
Newark Firehouse,"10:51 PM EDT on March 25, 2016",co,0.2,ppm,partlycloudy,52.0,50,27.8,40.7,1016.1,-999,16.1
Newark Firehouse,"9:51 PM EDT on March 25, 2016",co,0.23,ppm,partlycloudy,55.9,49,29.6,40.7,1015.0,-999,16.1
Newark Firehouse,"8:51 PM EDT on March 25, 2016",co,0.26,ppm,mostlycloudy,60.1,42,18.5,40.7,1013.2,-999,16.1
Newark Firehouse,"7:51 PM EDT on March 25, 2016",co,0.25,ppm,mostlycloudy,64.9,39,20.4,-9999.0,1010.9,-999,16.1
Newark Firehouse,"6:51 PM EDT on March 25, 2016",co,0.26,ppm,mostlycloudy,66.9,39,24.1,-9999.0,1009.2,-999,16.1
Newark Firehouse,"5:51 PM EDT on March 25, 2016",co,0.25,ppm,mostlycloudy,71.1,39,25.9,37.0,1007.7,-999,16.1
Newark Firehouse,"4:51 PM EDT on March 25, 2016",co,0.25,ppm,mostlycloudy,71.1,44,25.9,37.0,1006.8,-999,16.1
Newark Firehouse,"3:51 PM EDT on March 25, 2016",co,0.23,ppm,mostlycloudy,73.0,49,24.1,-9999.0,1005.9,-999,16.1
Newark Firehouse,"2:51 PM EDT on March 25, 2016",co,0.23,ppm,cloudy,72.0,51,16.7,-9999.0,1005.7,-999,16.1
Newark Firehouse,"1:51 PM EDT on March 25, 2016",co,0.22,ppm,mostlycloudy,71.1,61,29.6,42.6,1006.3,-999,16.1
Newark Firehouse,"12:51 PM EDT on March 25, 2016",co,0.24,ppm,mostlycloudy,68.0,78,24.1,-9999.0,1006.2,-999,16.1
Newark Firehouse,"11:51 AM EDT on March 25, 2016",co,0.25,ppm,cloudy,70.0,65,27.8,46.3,1005.9,-999,16.1
Newark Firehouse,"10:51 AM EDT on March 25, 2016",co,0.21,ppm,cloudy,69.1,65,31.5,44.4,1006.2,-999,14.5
Newark Firehouse,"9:51 AM EDT on March 25, 2016",co,0.8,ppm,hazy,61.0,72,5.6,-9999.0,1006.0,-999,9.7
Newark Firehouse,"8:51 AM EDT on March 25, 2016",co,0.97,ppm,hazy,55.9,80,0.0,-9999.0,1006.2,-999,9.7
Newark Firehouse,"7:51 AM EDT on March 25, 2016",co,0.8,ppm,cloudy,52.0,89,0.0,-9999.0,1006.2,-999,9.7
Newark Firehouse,"6:51 AM EDT on March 25, 2016",co,0.76,ppm,rain,50.0,89,9.3,-9999.0,1005.9,-999,9.7
Newark Firehouse,"3:51 AM EDT on March 25, 2016",co,0.44,ppm,mostlycloudy,46.9,93,9.3,-9999.0,1006.5,-999,9.7
Newark Firehouse,"2:51 AM EDT on March 25, 2016",co,0.39,ppm,mostlycloudy,46.9,93,5.6,-9999.0,1007.3,-999,9.7
Newark Firehouse,"1:51 AM EDT on March 25, 2016",co,0.38,ppm,mostlycloudy,46.0,89,13.0,-9999.0,1008.6,41.9,9.7
Newark Firehouse,"12:51 AM EDT on March 25, 2016",co,0.37,ppm,cloudy,46.9,86,13.0,-9999.0,1010.0,-999,8.0
Newark Firehouse,"11:51 PM EDT on March 24, 2016",co,0.35,ppm,cloudy,48.9,86,9.3,-9999.0,1010.8,-999,8.0
Newark Firehouse,"10:51 PM EDT on March 24, 2016",co,0.38,ppm,hazy,48.9,83,9.3,-9999.0,1011.4,-999,9.7
Newark Firehouse,"9:51 PM EDT on March 24, 2016",co,0.38,ppm,cloudy,48.0,86,11.1,-9999.0,1012.8,-999,9.7
Newark Firehouse,"8:51 PM EDT on March 24, 2016",co,0.33,ppm,cloudy,46.9,86,14.8,-9999.0,1012.9,-999,11.3
Newark Firehouse,"7:51 PM EDT on March 24, 2016",co,0.32,ppm,cloudy,46.9,83,11.1,25.9,1013.5,-999,12.9
Newark Firehouse,"6:51 PM EDT on March 24, 2016",co,0.29,ppm,cloudy,46.9,80,20.4,31.5,1013.8,-999,11.3
Newark Firehouse,"5:51 PM EDT on March 24, 2016",co,0.29,ppm,cloudy,48.0,74,20.4,31.5,1014.2,-999,16.1
Newark Firehouse,"4:51 PM EDT on March 24, 2016",co,0.28,ppm,mostlycloudy,51.1,68,18.5,33.3,1014.8,-999,16.1
Newark Firehouse,"3:51 PM EDT on March 24, 2016",co,0.27,ppm,mostlycloudy,52.0,69,22.2,33.3,1015.2,-999,16.1
Newark Firehouse,"2:51 PM EDT on March 24, 2016",co,0.27,ppm,mostlycloudy,54.0,62,11.1,25.9,1016.0,-999,16.1
Newark Firehouse,"1:51 PM EDT on March 24, 2016",co,0.3,ppm,cloudy,55.9,53,13.0,-9999.0,1017.1,-999,16.1
Newark Firehouse,"12:51 PM EDT on March 24, 2016",co,0.3,ppm,mostlycloudy,54.0,55,16.7,-9999.0,1018.0,-999,16.1
Newark Firehouse,"11:51 AM EDT on March 24, 2016",co,0.28,ppm,mostlycloudy,53.1,57,13.0,-9999.0,1018.6,-999,16.1
Newark Firehouse,"10:51 AM EDT on March 24, 2016",co,0.27,ppm,mostlycloudy,51.1,59,16.7,-9999.0,1019.3,-999,16.1
Newark Firehouse,"9:51 AM EDT on March 24, 2016",co,0.27,ppm,mostlycloudy,48.9,61,18.5,-9999.0,1019.7,-999,16.1
Newark Firehouse,"8:51 AM EDT on March 24, 2016",co,0.3,ppm,mostlycloudy,48.0,63,14.8,-9999.0,1019.3,-999,16.1
Newark Firehouse,"7:51 AM EDT on March 24, 2016",co,0.32,ppm,mostlycloudy,46.0,68,18.5,-9999.0,1018.9,40.6,16.1
Newark Firehouse,"6:51 AM EDT on March 24, 2016",co,0.32,ppm,mostlycloudy,45.0,71,16.7,-9999.0,1019.2,39.7,16.1
Newark Firehouse,"3:51 AM EDT on March 24, 2016",co,0.24,ppm,partlycloudy,46.9,71,14.8,-9999.0,1017.6,-999,16.1
Newark Firehouse,"2:51 AM EDT on March 24, 2016",co,0.24,ppm,partlycloudy,48.0,68,27.8,-9999.0,1017.2,-999,16.1
Newark Firehouse,"1:51 AM EDT on March 24, 2016",co,0.26,ppm,partlycloudy,50.0,63,14.8,-9999.0,1017.5,-999,16.1
Newark Firehouse,"12:51 AM EDT on March 24, 2016",co,0.26,ppm,partlycloudy,51.1,61,18.5,-9999.0,1017.8,-999,16.1
Newark Firehouse,"11:51 PM EDT on March 23, 2016",co,0.25,ppm,partlycloudy,52.0,59,16.7,-9999.0,1017.6,-999,16.1
Newark Firehouse,"10:51 PM EDT on March 23, 2016",co,0.26,ppm,partlycloudy,57.9,46,25.9,-9999.0,1017.1,-999,16.1
Newark Firehouse,"9:51 PM EDT on March 23, 2016",co,1.58,ppm,mostlycloudy,61.0,41,0.0,-9999.0,1016.0,-999,16.1
Newark Firehouse,"8:51 PM EDT on March 23, 2016",co,1.31,ppm,mostlycloudy,62.1,38,0.0,-9999.0,1015.3,-999,16.1
Newark Firehouse,"6:51 PM EDT on March 23, 2016",co,0.62,ppm,mostlycloudy,70.0,22,14.8,-9999.0,1014.1,-999,16.1
Newark Firehouse,"5:51 PM EDT on March 23, 2016",co,0.29,ppm,mostlycloudy,71.1,22,22.2,-9999.0,1013.5,-999,16.1
Newark Firehouse,"4:51 PM EDT on March 23, 2016",co,0.27,ppm,mostlycloudy,73.0,20,16.7,29.6,1013.2,-999,16.1
Newark Firehouse,"3:51 PM EDT on March 23, 2016",co,0.25,ppm,mostlycloudy,72.0,20,20.4,35.2,1013.3,-999,16.1
Newark Firehouse,"2:51 PM EDT on March 23, 2016",co,0.24,ppm,mostlycloudy,71.1,22,18.5,33.3,1013.6,-999,16.1
Newark Firehouse,"1:51 PM EDT on March 23, 2016",co,0.25,ppm,mostlycloudy,69.1,22,24.1,35.2,1013.7,-999,16.1
Newark Firehouse,"12:51 PM EDT on March 23, 2016",co,0.27,ppm,cloudy,66.9,25,24.1,31.5,1014.0,-999,16.1
Newark Firehouse,"11:51 AM EDT on March 23, 2016",co,0.26,ppm,cloudy,63.0,31,20.4,-9999.0,1014.1,-999,16.1
Newark Firehouse,"10:51 AM EDT on March 23, 2016",co,0.3,ppm,mostlycloudy,60.1,33,25.9,-9999.0,1014.5,-999,16.1
Newark Firehouse,"8:51 AM EDT on March 23, 2016",co,0.34,ppm,cloudy,52.0,53,16.7,-9999.0,1014.3,-999,16.1
Newark Firehouse,"7:51 AM EDT on March 23, 2016",co,0.48,ppm,cloudy,48.9,59,13.0,-9999.0,1014.2,-999,16.1
Newark Firehouse,"6:51 AM EDT on March 23, 2016",co,0.47,ppm,cloudy,48.0,58,18.5,-9999.0,1013.6,-999,16.1
Newark Firehouse,"3:51 AM EDT on March 23, 2016",co,0.23,ppm,partlycloudy,46.0,61,13.0,-9999.0,1014.1,41.9,16.1
Newark Firehouse,"2:51 AM EDT on March 23, 2016",co,0.21,ppm,partlycloudy,45.0,63,7.4,-9999.0,1014.9,42.6,16.1
Newark Firehouse,"1:51 AM EDT on March 23, 2016",co,0.19,ppm,partlycloudy,46.0,58,16.7,-9999.0,1014.9,41.0,16.1
Newark Firehouse,"12:51 AM EDT on March 23, 2016",co,0.18,ppm,partlycloudy,46.9,56,24.1,38.9,1015.4,-999,16.1
Newark Firehouse,"11:51 PM EDT on March 22, 2016",co,0.19,ppm,cloudy,48.0,58,18.5,31.5,1016.3,-999,16.1
Newark Firehouse,"10:51 PM EDT on March 22, 2016",co,0.2,ppm,mostlycloudy,50.0,54,18.5,-9999.0,1016.8,-999,16.1
Newark Firehouse,"9:51 PM EDT on March 22, 2016",co,0.22,ppm,mostlycloudy,53.1,41,18.5,-9999.0,1016.8,-999,16.1
Newark Firehouse,"8:51 PM EDT on March 22, 2016",co,0.26,ppm,mostlycloudy,54.0,37,16.7,-9999.0,1017.1,-999,16.1
Newark Firehouse,"7:51 PM EDT on March 22, 2016",co,0.25,ppm,mostlycloudy,53.1,35,22.2,38.9,1016.8,-999,16.1
Newark Firehouse,"6:51 PM EDT on March 22, 2016",co,0.24,ppm,mostlycloudy,55.0,31,24.1,42.6,1016.6,-999,16.1
Newark Firehouse,"5:51 PM EDT on March 22, 2016",co,0.23,ppm,partlycloudy,55.9,33,22.2,-9999.0,1016.7,-999,16.1
Newark Firehouse,"4:51 PM EDT on March 22, 2016",co,0.22,ppm,partlycloudy,57.9,25,24.1,40.7,1017.0,-999,16.1
Newark Firehouse,"3:51 PM EDT on March 22, 2016",co,0.19,ppm,partlycloudy,57.9,25,37.0,50.0,1017.9,-999,16.1
Newark Firehouse,"2:51 PM EDT on March 22, 2016",co,0.19,ppm,partlycloudy,55.9,27,18.5,38.9,1018.2,-999,16.1
Newark Firehouse,"1:51 PM EDT on March 22, 2016",co,0.18,ppm,partlycloudy,54.0,22,18.5,38.9,1019.6,-999,16.1
Newark Firehouse,"12:51 PM EDT on March 22, 2016",co,0.18,ppm,mostlycloudy,52.0,25,24.1,40.7,1020.7,-999,16.1
Newark Firehouse,"11:51 AM EDT on March 22, 2016",co,0.18,ppm,mostlycloudy,48.9,28,16.7,-9999.0,1021.7,-999,16.1
Newark Firehouse,"10:51 AM EDT on March 22, 2016",co,0.18,ppm,mostlycloudy,46.0,30,18.5,33.3,1022.7,40.6,16.1
Newark Firehouse,"9:51 AM EDT on March 22, 2016",co,0.2,ppm,mostlycloudy,43.0,34,18.5,-9999.0,1022.8,36.8,16.1
Newark Firehouse,"8:51 AM EDT on March 22, 2016",co,0.21,ppm,partlycloudy,39.9,40,18.5,-9999.0,1022.4,32.9,16.1
Newark Firehouse,"7:51 AM EDT on March 22, 2016",co,0.33,ppm,partlycloudy,36.0,46,18.5,-9999.0,1021.8,28.0,16.1
Newark Firehouse,"6:51 AM EDT on March 22, 2016",co,0.41,ppm,partlycloudy,34.0,50,14.8,-9999.0,1021.1,26.6,16.1
Newark Firehouse,"3:51 AM EDT on March 22, 2016",co,0.22,ppm,clear,36.0,46,11.1,-9999.0,1019.0,30.3,16.1
Newark Firehouse,"2:51 AM EDT on March 22, 2016",co,0.21,ppm,clear,36.0,46,14.8,-9999.0,1018.8,29.0,16.1
Newark Firehouse,"1:51 AM EDT on March 22, 2016",co,0.21,ppm,clear,36.0,48,16.7,38.9,1018.2,28.5,16.1
Newark Firehouse,"12:51 AM EDT on March 22, 2016",co,0.21,ppm,clear,37.0,46,20.4,-9999.0,1017.9,28.9,16.1
Newark Firehouse,"11:51 PM EDT on March 21, 2016",co,0.18,ppm,partlycloudy,39.0,43,25.9,40.7,1017.8,30.3,16.1
Newark Firehouse,"10:51 PM EDT on March 21, 2016",co,0.16,ppm,partlycloudy,39.0,45,29.6,40.7,1016.8,29.6,16.1
Newark Firehouse,"9:51 PM EDT on March 21, 2016",co,0.17,ppm,partlycloudy,41.0,38,25.9,46.3,1015.8,32.8,16.1
Newark Firehouse,"8:51 PM EDT on March 21, 2016",co,0.18,ppm,partlycloudy,42.1,34,20.4,-9999.0,1014.5,35.2,16.1
Newark Firehouse,"7:51 PM EDT on March 21, 2016",co,0.22,ppm,partlycloudy,44.1,30,25.9,37.0,1012.8,36.8,16.1
Newark Firehouse,"6:51 PM EDT on March 21, 2016",co,0.19,ppm,partlycloudy,45.0,24,27.8,42.6,1011.5,37.6,16.1
Newark Firehouse,"5:51 PM EDT on March 21, 2016",co,0.17,ppm,partlycloudy,48.0,22,27.8,48.2,1010.4,-999,16.1
Newark Firehouse,"4:51 PM EDT on March 21, 2016",co,0.18,ppm,partlycloudy,48.9,23,46.3,61.1,1009.3,-999,16.1
Newark Firehouse,"3:51 PM EDT on March 21, 2016",co,0.18,ppm,partlycloudy,52.0,19,33.3,53.7,1008.3,-999,16.1
Newark Firehouse,"2:51 PM EDT on March 21, 2016",co,0.18,ppm,partlycloudy,52.0,19,37.0,50.0,1008.2,-999,16.1
Newark Firehouse,"1:51 PM EDT on March 21, 2016",co,0.17,ppm,partlycloudy,51.1,16,31.5,50.0,1008.7,-999,16.1
Newark Firehouse,"12:51 PM EDT on March 21, 2016",co,0.18,ppm,mostlycloudy,51.1,28,35.2,44.4,1009.0,-999,16.1
Newark Firehouse,"11:51 AM EDT on March 21, 2016",co,0.2,ppm,partlycloudy,48.0,41,24.1,35.2,1009.6,-999,16.1
Newark Firehouse,"10:51 AM EDT on March 21, 2016",co,0.22,ppm,partlycloudy,44.1,53,18.5,-9999.0,1010.3,38.1,16.1
Newark Firehouse,"9:51 AM EDT on March 21, 2016",co,0.26,ppm,partlycloudy,39.9,70,16.7,-9999.0,1010.4,33.4,16.1
Newark Firehouse,"8:51 AM EDT on March 21, 2016",co,0.3,ppm,partlycloudy,35.1,76,7.4,-9999.0,1010.4,31.0,16.1
Newark Firehouse,"7:51 AM EDT on March 21, 2016",co,0.37,ppm,mostlycloudy,34.0,79,9.3,-9999.0,1010.5,28.8,16.1
Newark Firehouse,"6:51 AM EDT on March 21, 2016",co,0.39,ppm,mostlycloudy,33.1,82,13.0,-9999.0,1010.2,26.1,16.1
Newark Firehouse,"3:51 AM EDT on March 21, 2016",co,0.22,ppm,snow,34.0,85,16.7,-9999.0,1011.3,26.0,4.0
Newark Firehouse,"2:51 AM EDT on March 21, 2016",co,0.21,ppm,snow,34.0,85,20.4,-9999.0,1011.7,25.0,9.7
Newark Firehouse,"1:51 AM EDT on March 21, 2016",co,0.2,ppm,snow,34.0,89,16.7,-9999.0,1012.7,26.0,9.7
Newark Firehouse,"12:51 AM EDT on March 21, 2016",co,0.22,ppm,cloudy,34.0,92,16.7,-9999.0,1013.6,26.0,8.0
Newark Firehouse,"11:51 PM EDT on March 20, 2016",co,0.25,ppm,snow,34.0,89,14.8,-9999.0,1014.4,26.6,3.2
Newark Firehouse,"10:51 PM EDT on March 20, 2016",co,0.25,ppm,snow,34.0,89,16.7,-9999.0,1014.9,26.0,3.2
Newark Firehouse,"9:51 PM EDT on March 20, 2016",co,0.26,ppm,snow,33.1,85,11.1,-9999.0,1015.7,26.9,0.8
Newark Firehouse,"8:51 PM EDT on March 20, 2016",co,0.25,ppm,snow,35.1,72,9.3,-9999.0,1016.5,30.1,4.0
Newark Firehouse,"7:51 PM EDT on March 20, 2016",co,0.31,ppm,unknown,39.0,55,13.0,-9999.0,1016.1,33.4,16.1
Newark Firehouse,"6:51 PM EDT on March 20, 2016",co,0.24,ppm,rain,39.0,62,14.8,-9999.0,1016.6,32.8,14.5
Newark Firehouse,"5:51 PM EDT on March 20, 2016",co,0.23,ppm,rain,39.9,58,16.7,-9999.0,1016.5,33.4,16.1
Newark Firehouse,"4:51 PM EDT on March 20, 2016",co,0.23,ppm,cloudy,41.0,53,16.7,-9999.0,1016.4,34.7,16.1
Newark Firehouse,"3:51 PM EDT on March 20, 2016",co,0.24,ppm,mostlycloudy,41.0,49,13.0,27.8,1017.1,35.8,16.1
Newark Firehouse,"2:51 PM EDT on March 20, 2016",co,0.23,ppm,mostlycloudy,42.1,47,18.5,-9999.0,1018.3,35.7,16.1
Newark Firehouse,"1:51 PM EDT on March 20, 2016",co,0.24,ppm,mostlycloudy,39.9,49,16.7,29.6,1019.8,33.4,16.1
Newark Firehouse,"12:51 PM EDT on March 20, 2016",co,0.23,ppm,mostlycloudy,37.9,47,14.8,-9999.0,1020.5,31.5,16.1
Newark Firehouse,"11:51 AM EDT on March 20, 2016",co,0.23,ppm,cloudy,37.0,46,13.0,-9999.0,1021.4,31.0,16.1
Newark Firehouse,"10:51 AM EDT on March 20, 2016",co,0.24,ppm,mostlycloudy,36.0,43,22.2,-9999.0,1021.7,27.1,16.1
Newark Firehouse,"9:51 AM EDT on March 20, 2016",co,0.22,ppm,mostlycloudy,36.0,34,22.2,-9999.0,1021.7,27.1,16.1
Newark Firehouse,"8:51 AM EDT on March 20, 2016",co,0.19,ppm,mostlycloudy,34.0,34,18.5,-9999.0,1021.7,25.5,16.1
Newark Firehouse,"7:51 AM EDT on March 20, 2016",co,0.19,ppm,mostlycloudy,34.0,38,24.1,-9999.0,1021.7,24.2,16.1
Newark Firehouse,"6:51 AM EDT on March 20, 2016",co,0.2,ppm,partlycloudy,34.0,38,24.1,-9999.0,1021.1,24.2,16.1
Newark Firehouse,"3:51 AM EDT on March 20, 2016",co,0.18,ppm,partlycloudy,35.1,39,20.4,-9999.0,1020.1,26.4,16.1
Newark Firehouse,"2:51 AM EDT on March 20, 2016",co,0.17,ppm,mostlycloudy,36.0,36,18.5,-9999.0,1019.9,28.0,16.1
Newark Firehouse,"1:51 AM EDT on March 20, 2016",co,0.19,ppm,mostlycloudy,37.9,32,25.9,35.2,1020.0,28.9,16.1
Newark Firehouse,"12:51 AM EDT on March 20, 2016",co,0.19,ppm,mostlycloudy,39.0,32,25.9,33.3,1019.8,30.3,16.1
Newark Firehouse,"11:51 PM EDT on March 19, 2016",co,0.19,ppm,mostlycloudy,41.0,31,29.6,-9999.0,1019.4,32.2,16.1
Newark Firehouse,"10:51 PM EDT on March 19, 2016",co,0.21,ppm,mostlycloudy,42.1,34,13.0,-9999.0,1018.9,37.1,16.1
Newark Firehouse,"9:51 PM EDT on March 19, 2016",co,0.47,ppm,mostlycloudy,44.1,27,5.6,-9999.0,1018.8,42.5,16.1
Newark Firehouse,"8:51 PM EDT on March 19, 2016",co,0.39,ppm,mostlycloudy,45.0,25,0.0,-9999.0,1018.7,-999,16.1
Newark Firehouse,"7:51 PM EDT on March 19, 2016",co,0.29,ppm,mostlycloudy,46.0,22,7.4,-9999.0,1018.5,43.9,16.1
Newark Firehouse,"6:51 PM EDT on March 19, 2016",co,0.22,ppm,mostlycloudy,46.0,22,0.0,-9999.0,1018.2,-999,16.1
Newark Firehouse,"5:51 PM EDT on March 19, 2016",co,0.21,ppm,mostlycloudy,46.0,22,14.8,-9999.0,1018.4,41.4,16.1
Newark Firehouse,"4:51 PM EDT on March 19, 2016",co,0.19,ppm,mostlycloudy,46.9,22,11.1,-9999.0,1018.3,-999,16.1
Newark Firehouse,"3:51 PM EDT on March 19, 2016",co,0.19,ppm,mostlycloudy,46.0,23,0.0,-9999.0,1017.5,-999,16.1
Newark Firehouse,"2:51 PM EDT on March 19, 2016",co,0.19,ppm,mostlycloudy,46.0,25,11.1,-9999.0,1018.5,42.5,16.1
Newark Firehouse,"1:51 PM EDT on March 19, 2016",co,0.19,ppm,mostlycloudy,46.0,23,0.0,-9999.0,1019.0,-999,16.1
Newark Firehouse,"12:51 PM EDT on March 19, 2016",co,0.18,ppm,mostlycloudy,44.1,27,0.0,-9999.0,1019.8,-999,16.1
Newark Firehouse,"11:51 AM EDT on March 19, 2016",co,0.2,ppm,cloudy,45.0,34,13.0,-9999.0,1020.3,40.6,16.1
Newark Firehouse,"10:51 AM EDT on March 19, 2016",co,0.22,ppm,mostlycloudy,43.0,40,11.1,-9999.0,1021.0,38.8,16.1
Newark Firehouse,"9:51 AM EDT on March 19, 2016",co,0.2,ppm,mostlycloudy,41.0,49,5.6,-9999.0,1021.0,39.0,16.1
Newark Firehouse,"8:51 AM EDT on March 19, 2016",co,0.24,ppm,mostlycloudy,39.0,57,14.8,-9999.0,1020.0,32.8,16.1
Newark Firehouse,"7:51 AM EDT on March 19, 2016",co,0.27,ppm,mostlycloudy,37.0,62,7.4,-9999.0,1020.1,33.3,16.1
Newark Firehouse,"6:51 AM EDT on March 19, 2016",co,0.32,ppm,mostlycloudy,37.0,57,7.4,-9999.0,1019.4,33.3,16.1
Newark Firehouse,"3:51 AM EDT on March 19, 2016",co,0.2,ppm,partlycloudy,39.0,49,24.1,-9999.0,1017.0,30.6,16.1
Newark Firehouse,"2:51 AM EDT on March 19, 2016",co,0.19,ppm,partlycloudy,39.9,49,16.7,-9999.0,1016.7,33.4,16.1
Newark Firehouse,"1:51 AM EDT on March 19, 2016",co,0.19,ppm,partlycloudy,41.0,51,14.8,-9999.0,1016.7,35.2,16.1
Newark Firehouse,"12:51 AM EDT on March 19, 2016",co,0.2,ppm,partlycloudy,43.0,49,22.2,-9999.0,1015.9,36.0,16.1
Newark Firehouse,"11:51 PM EDT on March 18, 2016",co,0.2,ppm,clear,44.1,49,24.1,-9999.0,1015.1,37.1,16.1
Newark Firehouse,"10:51 PM EDT on March 18, 2016",co,0.21,ppm,partlycloudy,46.0,47,31.5,37.0,1014.2,38.5,16.1
Newark Firehouse,"9:51 PM EDT on March 18, 2016",co,0.24,ppm,partlycloudy,48.9,41,29.6,40.7,1013.4,-999,16.1
Newark Firehouse,"8:51 PM EDT on March 18, 2016",co,0.23,ppm,partlycloudy,50.0,39,25.9,-9999.0,1012.8,-999,16.1
Newark Firehouse,"7:51 PM EDT on March 18, 2016",co,0.27,ppm,partlycloudy,52.0,38,16.7,-9999.0,1011.6,-999,16.1
Newark Firehouse,"6:51 PM EDT on March 18, 2016",co,0.26,ppm,mostlycloudy,53.1,35,27.8,37.0,1011.1,-999,16.1
Newark Firehouse,"5:51 PM EDT on March 18, 2016",co,0.21,ppm,mostlycloudy,55.9,30,20.4,-9999.0,1010.4,-999,16.1
Newark Firehouse,"4:51 PM EDT on March 18, 2016",co,0.22,ppm,mostlycloudy,55.0,33,25.9,42.6,1009.8,-999,16.1
Newark Firehouse,"3:51 PM EDT on March 18, 2016",co,0.2,ppm,mostlycloudy,59.0,27,25.9,35.2,1009.1,-999,16.1
Newark Firehouse,"2:51 PM EDT on March 18, 2016",co,0.2,ppm,rain,57.0,30,27.8,42.6,1009.2,-999,16.1
Newark Firehouse,"1:51 PM EDT on March 18, 2016",co,0.19,ppm,mostlycloudy,57.9,24,24.1,51.9,1008.8,-999,16.1
Newark Firehouse,"12:51 PM EDT on March 18, 2016",co,0.18,ppm,partlycloudy,60.1,22,40.7,50.0,1009.0,-999,16.1
Newark Firehouse,"11:51 AM EDT on March 18, 2016",co,0.19,ppm,partlycloudy,57.9,25,33.3,55.6,1009.0,-999,16.1
Newark Firehouse,"10:51 AM EDT on March 18, 2016",co,0.18,ppm,partlycloudy,55.9,28,37.0,53.7,1009.4,-999,16.1
Newark Firehouse,"9:51 AM EDT on March 18, 2016",co,0.18,ppm,partlycloudy,54.0,30,31.5,50.0,1009.6,-999,16.1
Newark Firehouse,"8:51 AM EDT on March 18, 2016",co,0.48,ppm,partlycloudy,51.1,33,33.3,42.6,1009.6,-999,16.1
Newark Firehouse,"7:51 AM EDT on March 18, 2016",co,0.24,ppm,partlycloudy,46.9,42,14.8,-9999.0,1009.3,-999,16.1
Newark Firehouse,"6:51 AM EDT on March 18, 2016",co,0.32,ppm,partlycloudy,46.0,46,16.7,-9999.0,1009.1,41.0,16.1
Newark Firehouse,"3:51 AM EDT on March 18, 2016",co,0.27,ppm,clear,45.0,65,13.0,-9999.0,1009.1,40.6,16.1
Newark Firehouse,"2:51 AM EDT on March 18, 2016",co,0.37,ppm,partlycloudy,44.1,68,9.3,-9999.0,1009.2,40.8,16.1
Newark Firehouse,"1:51 AM EDT on March 18, 2016",co,0.42,ppm,clear,48.0,61,7.4,-9999.0,1009.0,-999,16.1
Newark Firehouse,"12:51 AM EDT on March 18, 2016",co,0.52,ppm,clear,48.9,59,9.3,-9999.0,1009.1,-999,16.1
Newark Firehouse,"11:51 PM EDT on March 17, 2016",co,0.48,ppm,partlycloudy,45.0,65,13.0,-9999.0,1008.9,40.6,16.1
Newark Firehouse,"10:51 PM EDT on March 17, 2016",co,0.42,ppm,partlycloudy,53.1,48,9.3,-9999.0,1009.1,-999,16.1
Newark Firehouse,"9:51 PM EDT on March 17, 2016",co,0.32,ppm,partlycloudy,53.1,50,14.8,-9999.0,1009.3,-999,16.1
Newark Firehouse,"8:51 PM EDT on March 17, 2016",co,0.26,ppm,partlycloudy,53.1,48,16.7,-9999.0,1009.1,-999,16.1
Newark Firehouse,"7:51 PM EDT on March 17, 2016",co,0.34,ppm,mostlycloudy,51.1,61,9.3,-9999.0,1008.2,-999,16.1
Newark Firehouse,"6:51 PM EDT on March 17, 2016",co,0.36,ppm,mostlycloudy,53.1,57,0.0,-9999.0,1008.3,-999,16.1
Newark Firehouse,"5:51 PM EDT on March 17, 2016",co,0.28,ppm,tstorms,53.1,57,22.2,-9999.0,1008.1,-999,16.1
Newark Firehouse,"4:51 PM EDT on March 17, 2016",co,0.22,ppm,mostlycloudy,61.0,32,25.9,38.9,1007.3,-999,16.1
Newark Firehouse,"3:51 PM EDT on March 17, 2016",co,0.21,ppm,mostlycloudy,63.0,31,31.5,46.3,1007.5,-999,16.1
Newark Firehouse,"2:51 PM EDT on March 17, 2016",co,0.19,ppm,mostlycloudy,59.0,41,27.8,40.7,1009.2,-999,16.1
Newark Firehouse,"1:51 PM EDT on March 17, 2016",co,0.17,ppm,cloudy,62.1,28,25.9,44.4,1008.9,-999,16.1
Newark Firehouse,"12:51 PM EDT on March 17, 2016",co,0.17,ppm,mostlycloudy,64.0,29,16.7,37.0,1009.2,-999,16.1
Newark Firehouse,"11:51 AM EDT on March 17, 2016",co,0.2,ppm,partlycloudy,63.0,41,18.5,-9999.0,1010.1,-999,16.1
Newark Firehouse,"10:51 AM EDT on March 17, 2016",co,0.28,ppm,partlycloudy,57.0,64,7.4,-9999.0,1010.5,-999,16.1
Newark Firehouse,"9:51 AM EDT on March 17, 2016",co,0.31,ppm,partlycloudy,52.0,77,11.1,-9999.0,1011.3,-999,14.5
Newark Firehouse,"8:51 AM EDT on March 17, 2016",co,0.33,ppm,partlycloudy,50.0,80,9.3,-9999.0,1011.4,-999,14.5
Newark Firehouse,"7:51 AM EDT on March 17, 2016",co,0.42,ppm,partlycloudy,46.9,83,11.1,-9999.0,1012.0,-999,16.1
Newark Firehouse,"6:51 AM EDT on March 17, 2016",co,0.41,ppm,cloudy,46.9,86,9.3,-9999.0,1012.2,-999,16.1
Newark Firehouse,"3:51 AM EDT on March 17, 2016",co,0.34,ppm,partlycloudy,48.0,80,0.0,-9999.0,1011.4,-999,16.1
Newark Firehouse,"2:51 AM EDT on March 17, 2016",co,0.32,ppm,partlycloudy,48.9,77,0.0,-9999.0,1011.7,-999,16.1
Newark Firehouse,"1:51 AM EDT on March 17, 2016",co,0.32,ppm,partlycloudy,48.9,77,5.6,-9999.0,1011.9,-999,16.1
Newark Firehouse,"12:51 AM EDT on March 17, 2016",co,0.29,ppm,partlycloudy,48.0,80,7.4,-9999.0,1011.4,-999,16.1
Newark Firehouse,"11:51 PM EDT on March 16, 2016",co,0.27,ppm,mostlycloudy,48.9,83,7.4,-9999.0,1011.1,-999,16.1
Newark Firehouse,"10:51 PM EDT on March 16, 2016",co,0.33,ppm,mostlycloudy,50.0,80,7.4,-9999.0,1010.6,-999,16.1
Newark Firehouse,"9:51 PM EDT on March 16, 2016",co,0.28,ppm,mostlycloudy,50.0,80,11.1,-9999.0,1010.3,-999,16.1
Newark Firehouse,"8:51 PM EDT on March 16, 2016",co,0.3,ppm,mostlycloudy,52.0,80,0.0,-9999.0,1009.5,-999,16.1
Newark Firehouse,"7:51 PM EDT on March 16, 2016",co,0.36,ppm,cloudy,53.1,77,9.3,-9999.0,1009.8,-999,16.1
Newark Firehouse,"6:58 PM EDT on March 16, 2016",co,0.41,ppm,cloudy,53.6,77,9.3,-9999.0,1009.4,-999,16.1
Newark Firehouse,"5:51 PM EDT on March 16, 2016",co,0.35,ppm,cloudy,57.0,62,13.0,-9999.0,1008.0,-999,16.1
Newark Firehouse,"4:51 PM EDT on March 16, 2016",co,0.29,ppm,cloudy,59.0,58,13.0,-9999.0,1007.5,-999,16.1
Newark Firehouse,"3:51 PM EDT on March 16, 2016",co,0.25,ppm,mostlycloudy,60.1,55,16.7,-9999.0,1008.2,-999,16.1
Newark Firehouse,"2:51 PM EDT on March 16, 2016",co,0.29,ppm,mostlycloudy,63.0,54,13.0,-9999.0,1008.5,-999,16.1
Newark Firehouse,"1:51 PM EDT on March 16, 2016",co,0.31,ppm,mostlycloudy,62.1,53,7.4,-9999.0,1009.5,-999,16.1
Newark Firehouse,"12:51 PM EDT on March 16, 2016",co,0.44,ppm,mostlycloudy,61.0,58,7.4,-9999.0,1010.4,-999,16.1
Newark Firehouse,"11:51 AM EDT on March 16, 2016",co,0.68,ppm,mostlycloudy,59.0,60,0.0,-9999.0,1011.1,-999,16.1
Newark Firehouse,"10:51 AM EDT on March 16, 2016",co,0.65,ppm,mostlycloudy,55.9,69,0.0,-9999.0,1011.3,-999,16.1
Newark Firehouse,"9:51 AM EDT on March 16, 2016",co,0.58,ppm,mostlycloudy,55.0,72,0.0,-9999.0,1011.4,-999,16.1
Newark Firehouse,"8:51 AM EDT on March 16, 2016",co,1.13,ppm,mostlycloudy,52.0,77,5.6,-9999.0,1011.1,-999,16.1
Newark Firehouse,"7:51 AM EDT on March 16, 2016",co,1.97,ppm,mostlycloudy,50.0,89,0.0,-9999.0,1011.1,-999,16.1
Newark Firehouse,"6:51 AM EDT on March 16, 2016",co,2.79,ppm,partlycloudy,48.9,86,0.0,-9999.0,1011.0,-999,16.1
Newark Firehouse,"3:51 AM EDT on March 16, 2016",co,0.89,ppm,partlycloudy,48.9,86,0.0,-9999.0,1009.2,-999,16.1
Newark Firehouse,"2:51 AM EDT on March 16, 2016",co,0.92,ppm,partlycloudy,48.9,86,0.0,-9999.0,1009.3,-999,16.1
Newark Firehouse,"1:51 AM EDT on March 16, 2016",co,0.78,ppm,partlycloudy,51.1,83,5.6,-9999.0,1009.5,-999,16.1
Newark Firehouse,"12:51 AM EDT on March 16, 2016",co,0.66,ppm,partlycloudy,50.0,83,0.0,-9999.0,1009.6,-999,16.1
Newark Firehouse,"11:51 PM EDT on March 15, 2016",co,0.62,ppm,mostlycloudy,53.1,77,0.0,-9999.0,1009.6,-999,16.1
Newark Firehouse,"10:51 PM EDT on March 15, 2016",co,0.38,ppm,mostlycloudy,54.0,75,13.0,-9999.0,1010.0,-999,16.1
Newark Firehouse,"9:51 PM EDT on March 15, 2016",co,0.46,ppm,partlycloudy,53.1,74,7.4,-9999.0,1009.5,-999,16.1
Newark Firehouse,"8:51 PM EDT on March 15, 2016",co,1.04,ppm,partlycloudy,55.0,69,0.0,-9999.0,1009.0,-999,16.1
Newark Firehouse,"7:51 PM EDT on March 15, 2016",co,1.11,ppm,mostlycloudy,55.0,69,9.3,-9999.0,1008.8,-999,16.1
Newark Firehouse,"6:51 PM EDT on March 15, 2016",co,0.5,ppm,mostlycloudy,55.9,67,9.3,-9999.0,1008.4,-999,16.1
Newark Firehouse,"5:51 PM EDT on March 15, 2016",co,0.3,ppm,mostlycloudy,57.0,64,14.8,-9999.0,1008.2,-999,16.1
Newark Firehouse,"4:51 PM EDT on March 15, 2016",co,0.28,ppm,cloudy,55.0,69,18.5,-9999.0,1008.3,-999,16.1
Newark Firehouse,"3:51 PM EDT on March 15, 2016",co,0.25,ppm,cloudy,55.0,69,22.2,33.3,1008.5,-999,16.1
Newark Firehouse,"2:51 PM EDT on March 15, 2016",co,0.24,ppm,cloudy,54.0,72,14.8,33.3,1008.3,-999,16.1
Newark Firehouse,"1:51 PM EDT on March 15, 2016",co,0.23,ppm,cloudy,53.1,74,7.4,-9999.0,1008.5,-999,16.1
Newark Firehouse,"12:51 PM EDT on March 15, 2016",co,0.25,ppm,cloudy,53.1,74,11.1,-9999.0,1008.9,-999,16.1
Newark Firehouse,"11:51 AM EDT on March 15, 2016",co,0.23,ppm,cloudy,52.0,80,22.2,-9999.0,1008.9,-999,16.1
Newark Firehouse,"10:51 AM EDT on March 15, 2016",co,0.25,ppm,cloudy,48.9,86,18.5,-9999.0,1009.6,-999,16.1
Newark Firehouse,"9:51 AM EDT on March 15, 2016",co,0.26,ppm,rain,48.0,89,22.2,-9999.0,1009.4,-999,14.5
Newark Firehouse,"8:51 AM EDT on March 15, 2016",co,0.29,ppm,cloudy,46.0,93,20.4,-9999.0,1009.6,40.2,16.1
Newark Firehouse,"7:51 AM EDT on March 15, 2016",co,0.33,ppm,rain,45.0,93,14.8,-9999.0,1009.6,40.1,14.5
Newark Firehouse,"6:51 AM EDT on March 15, 2016",co,0.3,ppm,rain,45.0,93,22.2,-9999.0,1008.9,38.5,8.0
Newark Firehouse,"3:51 AM EDT on March 15, 2016",co,0.21,ppm,rain,46.0,93,20.4,31.5,1009.7,40.2,9.7
Newark Firehouse,"2:51 AM EDT on March 15, 2016",co,0.2,ppm,rain,46.0,89,27.8,40.7,1010.3,39.0,12.9
Newark Firehouse,"1:51 AM EDT on March 15, 2016",co,0.21,ppm,rain,46.0,89,25.9,40.7,1011.0,39.3,12.9
Newark Firehouse,"12:51 AM EDT on March 15, 2016",co,0.2,ppm,rain,45.0,93,37.0,51.9,1011.7,36.4,4.8
Newark Firehouse,"11:51 PM EDT on March 14, 2016",co,0.2,ppm,rain,44.1,93,33.3,46.3,1012.3,35.7,3.2
Newark Firehouse,"10:51 PM EDT on March 14, 2016",co,0.2,ppm,rain,44.1,93,37.0,50.0,1013.2,35.2,3.2
Newark Firehouse,"9:51 PM EDT on March 14, 2016",co,0.23,ppm,rain,43.0,93,31.5,44.4,1013.8,34.5,3.2
Newark Firehouse,"8:51 PM EDT on March 14, 2016",co,0.22,ppm,rain,43.0,93,25.9,44.4,1014.1,35.4,3.2
Newark Firehouse,"7:51 PM EDT on March 14, 2016",co,0.24,ppm,rain,43.0,93,35.2,50.0,1014.6,34.0,3.2
Newark Firehouse,"6:51 PM EDT on March 14, 2016",co,0.23,ppm,rain,43.0,89,33.3,44.4,1015.0,34.2,4.0
Newark Firehouse,"5:51 PM EDT on March 14, 2016",co,0.26,ppm,rain,42.1,89,31.5,46.3,1015.7,33.3,6.4
Newark Firehouse,"4:51 PM EDT on March 14, 2016",co,0.28,ppm,rain,41.0,93,31.5,42.6,1016.4,31.9,3.2
Newark Firehouse,"3:51 PM EDT on March 14, 2016",co,0.26,ppm,rain,41.0,93,33.3,44.4,1017.5,31.6,3.2
Newark Firehouse,"2:51 PM EDT on March 14, 2016",co,0.27,ppm,rain,43.0,89,22.2,-9999.0,1017.8,36.0,3.2
Newark Firehouse,"1:51 PM EDT on March 14, 2016",co,0.25,ppm,rain,44.1,89,24.1,-9999.0,1018.3,37.1,3.2
Newark Firehouse,"12:51 PM EDT on March 14, 2016",co,0.27,ppm,rain,44.1,89,20.4,-9999.0,1019.1,37.7,3.2
Newark Firehouse,"11:51 AM EDT on March 14, 2016",co,0.3,ppm,rain,46.0,79,22.2,-9999.0,1019.4,39.9,14.5
Newark Firehouse,"10:51 AM EDT on March 14, 2016",co,0.29,ppm,cloudy,46.0,76,16.7,29.6,1019.8,41.0,16.1
Newark Firehouse,"9:51 AM EDT on March 14, 2016",co,0.33,ppm,rain,46.0,76,16.7,29.6,1019.8,41.0,14.5
Newark Firehouse,"8:51 AM EDT on March 14, 2016",co,0.4,ppm,rain,46.0,73,9.3,-9999.0,1019.9,43.1,6.4
Newark Firehouse,"7:51 AM EDT on March 14, 2016",co,0.4,ppm,rain,48.9,61,11.1,27.8,1019.7,-999,16.1
Newark Firehouse,"6:51 AM EDT on March 14, 2016",co,0.38,ppm,rain,50.0,61,13.0,29.6,1018.9,-999,12.9
Newark Firehouse,"3:51 AM EDT on March 14, 2016",co,0.18,ppm,rain,50.0,57,16.7,-9999.0,1019.4,-999,16.1
Newark Firehouse,"2:51 AM EDT on March 14, 2016",co,0.17,ppm,cloudy,51.1,48,13.0,-9999.0,1019.5,-999,16.1
Newark Firehouse,"1:51 AM EDT on March 14, 2016",co,0.19,ppm,cloudy,51.1,59,11.1,-9999.0,1019.6,-999,16.1
Newark Firehouse,"12:51 AM EDT on March 14, 2016",co,0.21,ppm,rain,51.1,59,7.4,-9999.0,1020.1,-999,16.1
Newark Firehouse,"11:51 PM EDT on March 13, 2016",co,0.23,ppm,rain,51.1,59,11.1,-9999.0,1019.5,-999,16.1
Newark Firehouse,"10:51 PM EDT on March 13, 2016",co,0.24,ppm,cloudy,52.0,54,9.3,-9999.0,1019.5,-999,16.1
Newark Firehouse,"9:51 PM EDT on March 13, 2016",co,0.3,ppm,rain,53.1,55,11.1,-9999.0,1019.5,-999,16.1
Newark Firehouse,"8:51 PM EDT on March 13, 2016",co,0.26,ppm,cloudy,55.0,47,11.1,-9999.0,1018.9,-999,16.1
Newark Firehouse,"7:51 PM EDT on March 13, 2016",co,0.35,ppm,rain,57.0,40,11.1,-9999.0,1018.7,-999,16.1
Newark Firehouse,"6:51 PM EDT on March 13, 2016",co,0.36,ppm,cloudy,59.0,35,9.3,-9999.0,1018.1,-999,16.1
Newark Firehouse,"5:51 PM EDT on March 13, 2016",co,0.39,ppm,cloudy,61.0,29,0.0,-9999.0,1017.7,-999,16.1
Newark Firehouse,"4:51 PM EDT on March 13, 2016",co,0.29,ppm,cloudy,62.1,28,5.6,-9999.0,1017.6,-999,16.1
Newark Firehouse,"3:51 PM EDT on March 13, 2016",co,0.24,ppm,cloudy,61.0,30,9.3,-9999.0,1017.2,-999,16.1
Newark Firehouse,"2:51 PM EDT on March 13, 2016",co,0.24,ppm,cloudy,61.0,29,14.8,-9999.0,1016.9,-999,16.1
Newark Firehouse,"1:51 PM EDT on March 13, 2016",co,0.23,ppm,cloudy,61.0,27,18.5,-9999.0,1017.2,-999,16.1
Newark Firehouse,"12:51 PM EDT on March 13, 2016",co,0.23,ppm,cloudy,61.0,32,16.7,-9999.0,1017.5,-999,16.1
Newark Firehouse,"11:51 AM EDT on March 13, 2016",co,0.25,ppm,cloudy,61.0,34,22.2,-9999.0,1017.6,-999,16.1
Newark Firehouse,"10:51 AM EDT on March 13, 2016",co,0.23,ppm,cloudy,61.0,32,11.1,-9999.0,1017.5,-999,16.1
Newark Firehouse,"9:51 AM EDT on March 13, 2016",co,0.23,ppm,mostlycloudy,60.1,36,9.3,-9999.0,1017.4,-999,16.1
Newark Firehouse,"8:51 AM EDT on March 13, 2016",co,0.34,ppm,cloudy,55.0,55,11.1,-9999.0,1017.0,-999,16.1
Newark Firehouse,"7:51 AM EDT on March 13, 2016",co,0.6,ppm,mostlycloudy,52.0,66,0.0,-9999.0,1016.4,-999,16.1
Newark Firehouse,"6:51 AM EDT on March 13, 2016",co,0.5,ppm,mostlycloudy,50.0,71,9.3,-9999.0,1015.8,-999,16.1
Newark Firehouse,"3:51 AM EDT on March 13, 2016",co,0.35,ppm,mostlycloudy,50.0,68,11.1,-9999.0,1015.2,-999,16.1
Newark Firehouse,"1:51 AM EST on March 13, 2016",co,0.34,ppm,mostlycloudy,50.0,71,14.8,-9999.0,1015.5,-999,16.1
Newark Firehouse,"12:51 AM EST on March 13, 2016",co,0.37,ppm,mostlycloudy,52.0,63,9.3,-9999.0,1015.9,-999,16.1
Newark Firehouse,"11:51 PM EST on March 12, 2016",co,0.36,ppm,mostlycloudy,52.0,63,16.7,-9999.0,1016.1,-999,16.1
Newark Firehouse,"10:51 PM EST on March 12, 2016",co,0.35,ppm,mostlycloudy,52.0,63,14.8,-9999.0,1016.3,-999,16.1
Newark Firehouse,"9:51 PM EST on March 12, 2016",co,0.32,ppm,mostlycloudy,54.0,59,14.8,-9999.0,1016.8,-999,16.1
Newark Firehouse,"8:51 PM EST on March 12, 2016",co,0.3,ppm,mostlycloudy,55.9,55,20.4,-9999.0,1017.3,-999,16.1
Newark Firehouse,"7:51 PM EST on March 12, 2016",co,0.29,ppm,mostlycloudy,57.0,53,20.4,-9999.0,1017.3,-999,16.1
Newark Firehouse,"6:51 PM EST on March 12, 2016",co,0.4,ppm,mostlycloudy,57.9,51,20.4,-9999.0,1017.6,-999,16.1
Newark Firehouse,"5:51 PM EST on March 12, 2016",co,0.37,ppm,mostlycloudy,55.0,57,13.0,-9999.0,1018.0,-999,16.1
Newark Firehouse,"4:51 PM EST on March 12, 2016",co,0.36,ppm,mostlycloudy,55.9,53,9.3,-9999.0,1018.5,-999,16.1
Newark Firehouse,"3:51 PM EST on March 12, 2016",co,0.29,ppm,mostlycloudy,54.0,55,7.4,-9999.0,1019.7,-999,16.1
Newark Firehouse,"2:51 PM EST on March 12, 2016",co,0.29,ppm,mostlycloudy,55.0,51,16.7,-9999.0,1020.3,-999,16.1
Newark Firehouse,"1:51 PM EST on March 12, 2016",co,0.25,ppm,mostlycloudy,57.9,42,18.5,-9999.0,1021.6,-999,16.1
Newark Firehouse,"12:51 PM EST on March 12, 2016",co,0.26,ppm,mostlycloudy,57.9,37,20.4,-9999.0,1022.9,-999,16.1
Newark Firehouse,"11:51 AM EST on March 12, 2016",co,0.28,ppm,mostlycloudy,57.0,37,9.3,-9999.0,1024.8,-999,16.1
Newark Firehouse,"10:51 AM EST on March 12, 2016",co,0.33,ppm,mostlycloudy,52.0,43,9.3,-9999.0,1025.5,-999,16.1
Newark Firehouse,"9:51 AM EST on March 12, 2016",co,0.33,ppm,mostlycloudy,50.0,44,0.0,-9999.0,1027.0,-999,16.1
Newark Firehouse,"8:51 AM EST on March 12, 2016",co,0.31,ppm,mostlycloudy,46.9,50,5.6,-9999.0,1027.3,-999,16.1
Newark Firehouse,"7:51 AM EST on March 12, 2016",co,0.43,ppm,mostlycloudy,44.1,55,7.4,-9999.0,1027.6,41.5,16.1
Newark Firehouse,"6:51 AM EST on March 12, 2016",co,0.27,ppm,mostlycloudy,39.9,65,9.3,-9999.0,1027.8,35.8,16.1
Newark Firehouse,"3:51 AM EST on March 12, 2016",co,0.23,ppm,partlycloudy,42.1,60,13.0,-9999.0,1027.8,37.1,16.1
Newark Firehouse,"2:51 AM EST on March 12, 2016",co,0.24,ppm,partlycloudy,42.1,62,11.1,-9999.0,1027.9,37.7,16.1
Newark Firehouse,"1:51 AM EST on March 12, 2016",co,0.28,ppm,mostlycloudy,45.0,60,14.8,-9999.0,1027.9,40.1,16.1
Newark Firehouse,"12:51 AM EST on March 12, 2016",co,0.24,ppm,partlycloudy,46.0,56,14.8,-9999.0,1027.7,41.4,16.1
Newark Firehouse,"11:51 PM EST on March 11, 2016",co,0.27,ppm,mostlycloudy,48.0,52,16.7,-9999.0,1027.2,-999,16.1
Newark Firehouse,"10:51 PM EST on March 11, 2016",co,0.27,ppm,partlycloudy,50.0,48,16.7,-9999.0,1027.0,-999,16.1
Newark Firehouse,"9:51 PM EST on March 11, 2016",co,0.26,ppm,mostlycloudy,52.0,45,18.5,-9999.0,1026.7,-999,16.1
Newark Firehouse,"8:51 PM EST on March 11, 2016",co,0.26,ppm,mostlycloudy,54.0,41,16.7,-9999.0,1026.2,-999,16.1
Newark Firehouse,"7:51 PM EST on March 11, 2016",co,0.24,ppm,mostlycloudy,55.9,36,22.2,-9999.0,1026.0,-999,16.1
Newark Firehouse,"6:51 PM EST on March 11, 2016",co,0.25,ppm,mostlycloudy,57.9,33,16.7,-9999.0,1025.3,-999,16.1
Newark Firehouse,"5:51 PM EST on March 11, 2016",co,0.23,ppm,mostlycloudy,60.1,32,22.2,-9999.0,1024.0,-999,16.1
Newark Firehouse,"4:51 PM EST on March 11, 2016",co,0.22,ppm,mostlycloudy,62.1,28,25.9,-9999.0,1022.9,-999,16.1
Newark Firehouse,"3:51 PM EST on March 11, 2016",co,0.21,ppm,mostlycloudy,64.0,28,22.2,38.9,1021.9,-999,16.1
Newark Firehouse,"1:51 PM EST on March 11, 2016",co,0.21,ppm,mostlycloudy,64.0,35,16.7,38.9,1020.3,-999,16.1
Newark Firehouse,"12:51 PM EST on March 11, 2016",co,0.2,ppm,mostlycloudy,63.0,40,22.2,-9999.0,1020.3,-999,16.1
Newark Firehouse,"11:51 AM EST on March 11, 2016",co,0.19,ppm,mostlycloudy,61.0,44,16.7,33.3,1020.1,-999,16.1
Newark Firehouse,"10:51 AM EST on March 11, 2016",co,0.2,ppm,mostlycloudy,59.0,49,25.9,-9999.0,1020.0,-999,16.1
Newark Firehouse,"3:51 AM EST on March 10, 2016",co,0.3,ppm,cloudy,60.1,62,9.3,-9999.0,1015.6,-999,16.1
Newark Firehouse,"2:55 AM EST on March 10, 2016",co,0.3,ppm,cloudy,62.6,55,11.1,-9999.0,1015.5,-999,16.1
Newark Firehouse,"10:51 AM EST on March 07, 2016",co,0.29,ppm,mostlycloudy,50.0,52,25.9,38.9,1022.6,-999,14.5
Newark Firehouse,"9:51 AM EST on March 07, 2016",co,0.35,ppm,hazy,46.9,59,22.2,31.5,1024.0,-999,9.7
Newark Firehouse,"3:51 PM EST on March 06, 2016",co,0.21,ppm,partlycloudy,46.0,31,5.6,-9999.0,1024.4,44.8,16.1
Newark Firehouse,"2:51 PM EST on March 06, 2016",co,0.2,ppm,mostlycloudy,44.1,35,0.0,-9999.0,1024.6,-999,16.1
